query_id,run_name,nDCG@10,nDCG@20,Recall@10,Recall@20,Recall@100
1,dense__sentence_transformers__all_MiniLM_L6_v2__text_all,0.4086283796452914,0.34333727250500606,0.09090909090909091,0.15584415584415584,0.2987012987012987
2,dense__sentence_transformers__all_MiniLM_L6_v2__text_all,0.316872151144035,0.33496765875721657,0.04,0.08,0.336
3,dense__sentence_transformers__all_MiniLM_L6_v2__text_all,0.5983950669742497,0.4575543603271084,0.10869565217391304,0.15217391304347827,0.4782608695652174
4,dense__sentence_transformers__all_MiniLM_L6_v2__text_all,0.1388624438735545,0.10087900944579106,0.038461538461538464,0.038461538461538464,0.23076923076923078
5,dense__sentence_transformers__all_MiniLM_L6_v2__text_all,0.6127844274778504,0.5160914937948318,0.07216494845360824,0.1134020618556701,0.36082474226804123
6,dense__sentence_transformers__all_MiniLM_L6_v2__text_all,0.41378821221019485,0.3843528406434072,0.05747126436781609,0.10344827586206896,0.40229885057471265
7,dense__sentence_transformers__all_MiniLM_L6_v2__text_all,0.0,0.0,0.0,0.0,0.1568627450980392
8,dense__sentence_transformers__all_MiniLM_L6_v2__text_all,0.2784805894273036,0.1967590601672268,0.075,0.1,0.15
9,dense__sentence_transformers__all_MiniLM_L6_v2__text_all,0.16618751601472662,0.206306454882875,0.02459016393442623,0.05737704918032787,0.22131147540983606
10,dense__sentence_transformers__all_MiniLM_L6_v2__text_all,0.0788489468562987,0.09775190696911658,0.06666666666666667,0.13333333333333333,0.5
11,dense__sentence_transformers__all_MiniLM_L6_v2__text_all,0.35129255143284777,0.2741647655920673,0.10588235294117647,0.15294117647058825,0.4
12,dense__sentence_transformers__all_MiniLM_L6_v2__text_all,0.3681450304434362,0.42471872617015394,0.04132231404958678,0.09090909090909091,0.34710743801652894
13,dense__sentence_transformers__all_MiniLM_L6_v2__text_all,0.0,0.013395992953564136,0.0,0.022727272727272728,0.2727272727272727
14,dense__sentence_transformers__all_MiniLM_L6_v2__text_all,0.0,0.0,0.0,0.0,0.07692307692307693
15,dense__sentence_transformers__all_MiniLM_L6_v2__text_all,0.21682519134158906,0.20862647795229963,0.041666666666666664,0.06944444444444445,0.2916666666666667
16,dense__sentence_transformers__all_MiniLM_L6_v2__text_all,0.12264041907117756,0.19842021084117253,0.07692307692307693,0.1794871794871795,0.46153846153846156
17,dense__sentence_transformers__all_MiniLM_L6_v2__text_all,0.2573607078335191,0.21173856076789752,0.056179775280898875,0.07865168539325842,0.2808988764044944
18,dense__sentence_transformers__all_MiniLM_L6_v2__text_all,0.23530180068011042,0.3111194138514481,0.046875,0.078125,0.3046875
19,dense__sentence_transformers__all_MiniLM_L6_v2__text_all,0.19023702762037387,0.3432546546252945,0.039473684210526314,0.11842105263157894,0.2631578947368421
20,dense__sentence_transformers__all_MiniLM_L6_v2__text_all,0.22009176629808014,0.21221176056767893,0.023255813953488372,0.06976744186046512,0.5348837209302325
21,dense__sentence_transformers__all_MiniLM_L6_v2__text_all,0.6683063269107927,0.5008760643218186,0.18181818181818182,0.24242424242424243,0.5757575757575758
22,dense__sentence_transformers__all_MiniLM_L6_v2__text_all,0.5202834578672213,0.4987076196934018,0.07,0.13,0.45
23,dense__sentence_transformers__all_MiniLM_L6_v2__text_all,0.048217497477688116,0.055280011037680404,0.02040816326530612,0.04081632653061224,0.20408163265306123
24,dense__sentence_transformers__all_MiniLM_L6_v2__text_all,0.4284837556435123,0.3356324507501897,0.058823529411764705,0.08823529411764706,0.28431372549019607
25,dense__sentence_transformers__all_MiniLM_L6_v2__text_all,0.0,0.0900160943057286,0.0,0.14285714285714285,0.19047619047619047
26,dense__sentence_transformers__all_MiniLM_L6_v2__text_all,0.35940858709698914,0.3634422680674553,0.09090909090909091,0.16666666666666666,0.3787878787878788
27,dense__sentence_transformers__all_MiniLM_L6_v2__text_all,0.08118409007004115,0.10033915430953147,0.02608695652173913,0.043478260869565216,0.20869565217391303
28,dense__sentence_transformers__all_MiniLM_L6_v2__text_all,0.02208474115146301,0.04976278074675819,0.009345794392523364,0.018691588785046728,0.11214953271028037
29,dense__sentence_transformers__all_MiniLM_L6_v2__text_all,0.23604253347309453,0.19016529418759184,0.056338028169014086,0.08450704225352113,0.352112676056338
30,dense__sentence_transformers__all_MiniLM_L6_v2__text_all,0.38549032603304273,0.47494330259326456,0.08823529411764706,0.1568627450980392,0.4215686274509804
31,dense__sentence_transformers__all_MiniLM_L6_v2__text_all,0.16063328017505185,0.11610305755647779,0.027777777777777776,0.037037037037037035,0.18518518518518517
32,dense__sentence_transformers__all_MiniLM_L6_v2__text_all,0.6618313225363274,0.6040255618229076,0.2608695652173913,0.391304347826087,0.5217391304347826
33,dense__sentence_transformers__all_MiniLM_L6_v2__text_all,0.28634598975246917,0.21954852484755744,0.05128205128205128,0.07692307692307693,0.23076923076923078
34,dense__sentence_transformers__all_MiniLM_L6_v2__text_all,0.0,0.0,0.0,0.0,0.0
35,dense__sentence_transformers__all_MiniLM_L6_v2__text_all,0.2212968348051301,0.17515604264908452,0.034722222222222224,0.041666666666666664,0.1527777777777778
36,dense__sentence_transformers__all_MiniLM_L6_v2__text_all,0.2709930681740576,0.17489007785851596,0.058823529411764705,0.058823529411764705,0.13725490196078433
37,dense__sentence_transformers__all_MiniLM_L6_v2__text_all,0.6025064803817581,0.5375536461110788,0.028409090909090908,0.056818181818181816,0.22727272727272727
38,dense__sentence_transformers__all_MiniLM_L6_v2__text_all,0.4778987931350437,0.38231492503156694,0.1320754716981132,0.16981132075471697,0.5094339622641509
39,dense__sentence_transformers__all_MiniLM_L6_v2__text_all,0.20461673464805066,0.2577692767854089,0.06,0.14,0.68
40,dense__sentence_transformers__all_MiniLM_L6_v2__text_all,0.7622712529656711,0.8225098538697937,0.7,0.8,0.9
41,dense__sentence_transformers__all_MiniLM_L6_v2__text_all,0.3679119876567028,0.3800667966649695,0.037037037037037035,0.07407407407407407,0.2222222222222222
42,dense__sentence_transformers__all_MiniLM_L6_v2__text_all,0.0,0.0,0.0,0.0,0.0
43,dense__sentence_transformers__all_MiniLM_L6_v2__text_all,0.6659621454546615,0.5946752630653728,0.05970149253731343,0.11940298507462686,0.4552238805970149
44,dense__sentence_transformers__all_MiniLM_L6_v2__text_all,0.4642370678689237,0.5463829341345714,0.05970149253731343,0.11940298507462686,0.4552238805970149
45,dense__sentence_transformers__all_MiniLM_L6_v2__text_all,0.714314309128803,0.6543512563774939,0.045454545454545456,0.07954545454545454,0.29545454545454547
46,dense__sentence_transformers__all_MiniLM_L6_v2__text_all,0.753814294534439,0.589569665394371,0.07142857142857142,0.10204081632653061,0.25510204081632654
47,dense__sentence_transformers__all_MiniLM_L6_v2__text_all,0.0636207881989517,0.045043762805830695,0.03333333333333333,0.03333333333333333,0.16666666666666666
48,dense__sentence_transformers__all_MiniLM_L6_v2__text_all,0.8219006958095325,0.7255807379380528,0.15384615384615385,0.2692307692307692,0.7115384615384616
49,dense__sentence_transformers__all_MiniLM_L6_v2__text_all,0.5260877111607601,0.4938974581694401,0.12121212121212122,0.25757575757575757,0.6666666666666666
50,dense__sentence_transformers__all_MiniLM_L6_v2__text_all,0.6823917548497459,0.8304917534531132,0.4166666666666667,0.75,1.0
51,dense__sentence_transformers__all_MiniLM_L6_v2__text_all,0.11836065030106104,0.20750663549529072,0.12,0.24,0.48
52,dense__sentence_transformers__all_MiniLM_L6_v2__text_all,0.2874476364692017,0.2202594916680747,0.12121212121212122,0.15151515151515152,0.42424242424242425
53,dense__sentence_transformers__all_MiniLM_L6_v2__text_all,0.0,0.017113659178643725,0.0,0.0625,0.25
54,dense__sentence_transformers__all_MiniLM_L6_v2__text_all,0.28627656024307674,0.40918251461215266,0.11290322580645161,0.22580645161290322,0.6451612903225806
55,dense__sentence_transformers__all_MiniLM_L6_v2__text_all,0.8553475075669357,0.7711825601871717,0.3076923076923077,0.5384615384615384,0.9230769230769231
56,dense__sentence_transformers__all_MiniLM_L6_v2__text_all,0.8603818544462509,0.6506987412476974,0.0975609756097561,0.14634146341463414,0.5365853658536586
57,dense__sentence_transformers__all_MiniLM_L6_v2__text_all,0.7534494445524137,0.6301074304752273,0.1044776119402985,0.16417910447761194,0.4925373134328358
58,dense__sentence_transformers__all_MiniLM_L6_v2__text_all,0.4223405592823898,0.3186693036753611,0.058823529411764705,0.07563025210084033,0.453781512605042
59,dense__sentence_transformers__all_MiniLM_L6_v2__text_all,0.3979478965435962,0.3610089254117365,0.049019607843137254,0.09803921568627451,0.23529411764705882
60,dense__sentence_transformers__all_MiniLM_L6_v2__text_all,0.43810818083050457,0.44019650477704114,0.03389830508474576,0.07627118644067797,0.2796610169491525
61,dense__sentence_transformers__all_MiniLM_L6_v2__text_all,0.25168788775459705,0.1624311447596679,0.03571428571428571,0.03571428571428571,0.125
62,dense__sentence_transformers__all_MiniLM_L6_v2__text_all,0.06880531074502967,0.15157893395895133,0.023255813953488372,0.06201550387596899,0.3023255813953488
63,dense__sentence_transformers__all_MiniLM_L6_v2__text_all,0.17422858806150038,0.17422858806150038,0.1111111111111111,0.1111111111111111,0.3333333333333333
64,dense__sentence_transformers__all_MiniLM_L6_v2__text_all,0.0,0.048261740555636964,0.0,0.024390243902439025,0.17073170731707318
65,dense__sentence_transformers__all_MiniLM_L6_v2__text_all,0.0,0.05613390879407394,0.0,0.07692307692307693,0.3076923076923077
66,dense__sentence_transformers__all_MiniLM_L6_v2__text_all,0.24469990224705543,0.30202249766807515,0.20833333333333334,0.3333333333333333,0.5416666666666666
67,dense__sentence_transformers__all_MiniLM_L6_v2__text_all,0.47108156848229615,0.45425307637770196,0.056451612903225805,0.0967741935483871,0.2903225806451613
68,dense__sentence_transformers__all_MiniLM_L6_v2__text_all,0.3581718012187445,0.33339405936932065,0.07017543859649122,0.10526315789473684,0.21052631578947367
69,dense__sentence_transformers__all_MiniLM_L6_v2__text_all,0.3840206372442166,0.24783438041219746,0.10526315789473684,0.10526315789473684,0.22807017543859648
70,dense__sentence_transformers__all_MiniLM_L6_v2__text_all,0.08296944234086487,0.057314820370149185,0.044444444444444446,0.044444444444444446,0.2
71,dense__sentence_transformers__all_MiniLM_L6_v2__text_all,0.2895229882348574,0.25315114518761955,0.03225806451612903,0.06451612903225806,0.16129032258064516
72,dense__sentence_transformers__all_MiniLM_L6_v2__text_all,0.27986998359589355,0.4025153226808074,0.11475409836065574,0.22950819672131148,0.6557377049180327
73,dense__sentence_transformers__all_MiniLM_L6_v2__text_all,0.4433149188603655,0.40217657893581854,0.1,0.18,0.68
74,dense__sentence_transformers__all_MiniLM_L6_v2__text_all,0.7484282537574318,0.7489893044336827,0.5833333333333334,0.6666666666666666,0.8333333333333334
75,dense__sentence_transformers__all_MiniLM_L6_v2__text_all,0.02613275632622511,0.04113748108315867,0.0070921985815602835,0.02127659574468085,0.16312056737588654
