path,case_id,backbone,baseline_id,n_dropped,is_consensus_flagged
outputs/backbone_gens/Qwen__Qwen2.5-3B-Instruct/case_01.json,case_01,Qwen/Qwen2.5-3B-Instruct,V-final,2,False
outputs/backbone_gens/Qwen__Qwen2.5-3B-Instruct/case_04.json,case_04,Qwen/Qwen2.5-3B-Instruct,V-final,1,False
outputs/backbone_gens/Qwen__Qwen2.5-3B-Instruct/case_05.json,case_05,Qwen/Qwen2.5-3B-Instruct,V-final,1,False
outputs/backbone_gens/Qwen__Qwen2.5-3B-Instruct/case_12.json,case_12,Qwen/Qwen2.5-3B-Instruct,V-final,2,False
outputs/backbone_gens/Qwen__Qwen2.5-3B-Instruct/case_13.json,case_13,Qwen/Qwen2.5-3B-Instruct,V-final,1,False
outputs/backbone_gens/Qwen__Qwen2.5-3B-Instruct/case_14.json,case_14,Qwen/Qwen2.5-3B-Instruct,V-final,0,False
outputs/backbone_gens/Qwen__Qwen2.5-3B-Instruct/case_paraphrase_005.json,case_paraphrase_005,Qwen/Qwen2.5-3B-Instruct,V-final,5,False
outputs/backbone_gens/Qwen__Qwen2.5-3B-Instruct/case_paraphrase_011.json,case_paraphrase_011,Qwen/Qwen2.5-3B-Instruct,V-final,0,False
outputs/backbone_gens/Qwen__Qwen2.5-3B-Instruct/case_paraphrase_013.json,case_paraphrase_013,Qwen/Qwen2.5-3B-Instruct,V-final,0,False
outputs/backbone_gens/Qwen__Qwen2.5-3B-Instruct/case_paraphrase_014.json,case_paraphrase_014,Qwen/Qwen2.5-3B-Instruct,V-final,0,False
outputs/backbone_gens/Qwen__Qwen2.5-3B-Instruct/case_paraphrase_015.json,case_paraphrase_015,Qwen/Qwen2.5-3B-Instruct,V-final,1,False
outputs/backbone_gens/Qwen__Qwen2.5-3B-Instruct/case_paraphrase_020.json,case_paraphrase_020,Qwen/Qwen2.5-3B-Instruct,V-final,2,False
outputs/backbone_gens/Qwen__Qwen2.5-3B-Instruct/case_paraphrase_029.json,case_paraphrase_029,Qwen/Qwen2.5-3B-Instruct,V-final,6,False
outputs/backbone_gens/Qwen__Qwen2.5-3B-Instruct/case_paraphrase_030.json,case_paraphrase_030,Qwen/Qwen2.5-3B-Instruct,V-final,0,False
outputs/backbone_gens/Qwen__Qwen2.5-3B-Instruct/case_trec2021_008.json,case_trec2021_008,Qwen/Qwen2.5-3B-Instruct,V-final,0,False
outputs/backbone_gens/Qwen__Qwen2.5-3B-Instruct/case_trec2021_012.json,case_trec2021_012,Qwen/Qwen2.5-3B-Instruct,V-final,0,False
outputs/backbone_gens/Qwen__Qwen2.5-3B-Instruct/case_trec2021_022.json,case_trec2021_022,Qwen/Qwen2.5-3B-Instruct,V-final,2,False
outputs/backbone_gens/Qwen__Qwen2.5-3B-Instruct/case_trec2021_025.json,case_trec2021_025,Qwen/Qwen2.5-3B-Instruct,V-final,0,False
outputs/backbone_gens/Qwen__Qwen2.5-3B-Instruct/case_trec2021_033.json,case_trec2021_033,Qwen/Qwen2.5-3B-Instruct,V-final,1,False
outputs/backbone_gens/Qwen__Qwen2.5-3B-Instruct/case_trec2021_036.json,case_trec2021_036,Qwen/Qwen2.5-3B-Instruct,V-final,0,False
outputs/backbone_gens/Qwen__Qwen2.5-3B-Instruct/case_trec2021_044.json,case_trec2021_044,Qwen/Qwen2.5-3B-Instruct,V-final,0,False
outputs/backbone_gens/Qwen__Qwen2.5-3B-Instruct/case_trec2021_059.json,case_trec2021_059,Qwen/Qwen2.5-3B-Instruct,V-final,0,False
outputs/backbone_gens/Qwen__Qwen2.5-3B-Instruct/case_trec2021_065.json,case_trec2021_065,Qwen/Qwen2.5-3B-Instruct,V-final,0,False
outputs/backbone_gens/Qwen__Qwen2.5-3B-Instruct/case_trec2022_002.json,case_trec2022_002,Qwen/Qwen2.5-3B-Instruct,V-final,2,False
outputs/backbone_gens/Qwen__Qwen2.5-3B-Instruct/case_trec2022_005.json,case_trec2022_005,Qwen/Qwen2.5-3B-Instruct,V-final,1,False
outputs/backbone_gens/Qwen__Qwen2.5-3B-Instruct/case_trec2022_031.json,case_trec2022_031,Qwen/Qwen2.5-3B-Instruct,V-final,1,False
outputs/backbone_gens/Qwen__Qwen2.5-3B-Instruct/case_trec2022_034.json,case_trec2022_034,Qwen/Qwen2.5-3B-Instruct,V-final,0,False
outputs/backbone_gens/Qwen__Qwen2.5-3B-Instruct/case_trec2022_042.json,case_trec2022_042,Qwen/Qwen2.5-3B-Instruct,V-final,0,False
outputs/backbone_gens/Qwen__Qwen2.5-3B-Instruct/case_trec2022_045.json,case_trec2022_045,Qwen/Qwen2.5-3B-Instruct,V-final,0,False
outputs/backbone_gens/Qwen__Qwen2.5-3B-Instruct/case_trec2022_046.json,case_trec2022_046,Qwen/Qwen2.5-3B-Instruct,V-final,0,False
outputs/backbone_gens/Qwen__Qwen2.5-7B-Instruct/case_01.json,case_01,Qwen/Qwen2.5-7B-Instruct,V-final,2,False
outputs/backbone_gens/Qwen__Qwen2.5-7B-Instruct/case_04.json,case_04,Qwen/Qwen2.5-7B-Instruct,V-final,3,False
outputs/backbone_gens/Qwen__Qwen2.5-7B-Instruct/case_05.json,case_05,Qwen/Qwen2.5-7B-Instruct,V-final,1,False
outputs/backbone_gens/Qwen__Qwen2.5-7B-Instruct/case_12.json,case_12,Qwen/Qwen2.5-7B-Instruct,V-final,3,False
outputs/backbone_gens/Qwen__Qwen2.5-7B-Instruct/case_13.json,case_13,Qwen/Qwen2.5-7B-Instruct,V-final,4,False
outputs/backbone_gens/Qwen__Qwen2.5-7B-Instruct/case_14.json,case_14,Qwen/Qwen2.5-7B-Instruct,V-final,0,False
outputs/backbone_gens/Qwen__Qwen2.5-7B-Instruct/case_paraphrase_005.json,case_paraphrase_005,Qwen/Qwen2.5-7B-Instruct,V-final,0,False
outputs/backbone_gens/Qwen__Qwen2.5-7B-Instruct/case_paraphrase_011.json,case_paraphrase_011,Qwen/Qwen2.5-7B-Instruct,V-final,0,False
outputs/backbone_gens/Qwen__Qwen2.5-7B-Instruct/case_paraphrase_013.json,case_paraphrase_013,Qwen/Qwen2.5-7B-Instruct,V-final,0,False
outputs/backbone_gens/Qwen__Qwen2.5-7B-Instruct/case_paraphrase_014.json,case_paraphrase_014,Qwen/Qwen2.5-7B-Instruct,V-final,0,False
outputs/backbone_gens/Qwen__Qwen2.5-7B-Instruct/case_paraphrase_015.json,case_paraphrase_015,Qwen/Qwen2.5-7B-Instruct,V-final,0,False
outputs/backbone_gens/Qwen__Qwen2.5-7B-Instruct/case_paraphrase_020.json,case_paraphrase_020,Qwen/Qwen2.5-7B-Instruct,V-final,0,False
outputs/backbone_gens/Qwen__Qwen2.5-7B-Instruct/case_paraphrase_029.json,case_paraphrase_029,Qwen/Qwen2.5-7B-Instruct,V-final,1,False
outputs/backbone_gens/Qwen__Qwen2.5-7B-Instruct/case_paraphrase_030.json,case_paraphrase_030,Qwen/Qwen2.5-7B-Instruct,V-final,0,False
outputs/backbone_gens/Qwen__Qwen2.5-7B-Instruct/case_trec2021_008.json,case_trec2021_008,Qwen/Qwen2.5-7B-Instruct,V-final,1,False
outputs/backbone_gens/Qwen__Qwen2.5-7B-Instruct/case_trec2021_012.json,case_trec2021_012,Qwen/Qwen2.5-7B-Instruct,V-final,0,False
outputs/backbone_gens/Qwen__Qwen2.5-7B-Instruct/case_trec2021_022.json,case_trec2021_022,Qwen/Qwen2.5-7B-Instruct,V-final,2,False
outputs/backbone_gens/Qwen__Qwen2.5-7B-Instruct/case_trec2021_025.json,case_trec2021_025,Qwen/Qwen2.5-7B-Instruct,V-final,1,False
outputs/backbone_gens/Qwen__Qwen2.5-7B-Instruct/case_trec2021_033.json,case_trec2021_033,Qwen/Qwen2.5-7B-Instruct,V-final,0,False
outputs/backbone_gens/Qwen__Qwen2.5-7B-Instruct/case_trec2021_036.json,case_trec2021_036,Qwen/Qwen2.5-7B-Instruct,V-final,0,False
outputs/backbone_gens/Qwen__Qwen2.5-7B-Instruct/case_trec2021_044.json,case_trec2021_044,Qwen/Qwen2.5-7B-Instruct,V-final,0,False
outputs/backbone_gens/Qwen__Qwen2.5-7B-Instruct/case_trec2021_059.json,case_trec2021_059,Qwen/Qwen2.5-7B-Instruct,V-final,4,False
outputs/backbone_gens/Qwen__Qwen2.5-7B-Instruct/case_trec2021_065.json,case_trec2021_065,Qwen/Qwen2.5-7B-Instruct,V-final,0,False
outputs/backbone_gens/Qwen__Qwen2.5-7B-Instruct/case_trec2022_002.json,case_trec2022_002,Qwen/Qwen2.5-7B-Instruct,V-final,2,False
outputs/backbone_gens/Qwen__Qwen2.5-7B-Instruct/case_trec2022_005.json,case_trec2022_005,Qwen/Qwen2.5-7B-Instruct,V-final,1,False
outputs/backbone_gens/Qwen__Qwen2.5-7B-Instruct/case_trec2022_031.json,case_trec2022_031,Qwen/Qwen2.5-7B-Instruct,V-final,0,False
outputs/backbone_gens/Qwen__Qwen2.5-7B-Instruct/case_trec2022_034.json,case_trec2022_034,Qwen/Qwen2.5-7B-Instruct,V-final,2,False
outputs/backbone_gens/Qwen__Qwen2.5-7B-Instruct/case_trec2022_042.json,case_trec2022_042,Qwen/Qwen2.5-7B-Instruct,V-final,0,False
outputs/backbone_gens/Qwen__Qwen2.5-7B-Instruct/case_trec2022_045.json,case_trec2022_045,Qwen/Qwen2.5-7B-Instruct,V-final,0,False
outputs/backbone_gens/Qwen__Qwen2.5-7B-Instruct/case_trec2022_046.json,case_trec2022_046,Qwen/Qwen2.5-7B-Instruct,V-final,0,False
outputs/backbone_gens/meta-llama__Meta-Llama-3.1-8B-Instruct/case_01.json,case_01,meta-llama/Meta-Llama-3.1-8B-Instruct,V-final,0,False
outputs/backbone_gens/meta-llama__Meta-Llama-3.1-8B-Instruct/case_04.json,case_04,meta-llama/Meta-Llama-3.1-8B-Instruct,V-final,3,False
outputs/backbone_gens/meta-llama__Meta-Llama-3.1-8B-Instruct/case_05.json,case_05,meta-llama/Meta-Llama-3.1-8B-Instruct,V-final,4,False
outputs/backbone_gens/meta-llama__Meta-Llama-3.1-8B-Instruct/case_12.json,case_12,meta-llama/Meta-Llama-3.1-8B-Instruct,V-final,3,False
outputs/backbone_gens/meta-llama__Meta-Llama-3.1-8B-Instruct/case_13.json,case_13,meta-llama/Meta-Llama-3.1-8B-Instruct,V-final,3,False
outputs/backbone_gens/meta-llama__Meta-Llama-3.1-8B-Instruct/case_14.json,case_14,meta-llama/Meta-Llama-3.1-8B-Instruct,V-final,0,False
outputs/backbone_gens/meta-llama__Meta-Llama-3.1-8B-Instruct/case_paraphrase_005.json,case_paraphrase_005,meta-llama/Meta-Llama-3.1-8B-Instruct,V-final,0,False
outputs/backbone_gens/meta-llama__Meta-Llama-3.1-8B-Instruct/case_paraphrase_011.json,case_paraphrase_011,meta-llama/Meta-Llama-3.1-8B-Instruct,V-final,0,False
outputs/backbone_gens/meta-llama__Meta-Llama-3.1-8B-Instruct/case_paraphrase_013.json,case_paraphrase_013,meta-llama/Meta-Llama-3.1-8B-Instruct,V-final,0,False
outputs/backbone_gens/meta-llama__Meta-Llama-3.1-8B-Instruct/case_paraphrase_014.json,case_paraphrase_014,meta-llama/Meta-Llama-3.1-8B-Instruct,V-final,0,False
outputs/backbone_gens/meta-llama__Meta-Llama-3.1-8B-Instruct/case_paraphrase_015.json,case_paraphrase_015,meta-llama/Meta-Llama-3.1-8B-Instruct,V-final,0,False
outputs/backbone_gens/meta-llama__Meta-Llama-3.1-8B-Instruct/case_paraphrase_020.json,case_paraphrase_020,meta-llama/Meta-Llama-3.1-8B-Instruct,V-final,0,False
outputs/backbone_gens/meta-llama__Meta-Llama-3.1-8B-Instruct/case_paraphrase_029.json,case_paraphrase_029,meta-llama/Meta-Llama-3.1-8B-Instruct,V-final,2,False
outputs/backbone_gens/meta-llama__Meta-Llama-3.1-8B-Instruct/case_paraphrase_030.json,case_paraphrase_030,meta-llama/Meta-Llama-3.1-8B-Instruct,V-final,0,False
outputs/backbone_gens/meta-llama__Meta-Llama-3.1-8B-Instruct/case_trec2021_008.json,case_trec2021_008,meta-llama/Meta-Llama-3.1-8B-Instruct,V-final,2,False
outputs/backbone_gens/meta-llama__Meta-Llama-3.1-8B-Instruct/case_trec2021_012.json,case_trec2021_012,meta-llama/Meta-Llama-3.1-8B-Instruct,V-final,0,False
outputs/backbone_gens/meta-llama__Meta-Llama-3.1-8B-Instruct/case_trec2021_022.json,case_trec2021_022,meta-llama/Meta-Llama-3.1-8B-Instruct,V-final,3,False
outputs/backbone_gens/meta-llama__Meta-Llama-3.1-8B-Instruct/case_trec2021_025.json,case_trec2021_025,meta-llama/Meta-Llama-3.1-8B-Instruct,V-final,0,False
outputs/backbone_gens/meta-llama__Meta-Llama-3.1-8B-Instruct/case_trec2021_033.json,case_trec2021_033,meta-llama/Meta-Llama-3.1-8B-Instruct,V-final,0,False
outputs/backbone_gens/meta-llama__Meta-Llama-3.1-8B-Instruct/case_trec2021_036.json,case_trec2021_036,meta-llama/Meta-Llama-3.1-8B-Instruct,V-final,0,False
outputs/backbone_gens/meta-llama__Meta-Llama-3.1-8B-Instruct/case_trec2021_044.json,case_trec2021_044,meta-llama/Meta-Llama-3.1-8B-Instruct,V-final,0,False
outputs/backbone_gens/meta-llama__Meta-Llama-3.1-8B-Instruct/case_trec2021_059.json,case_trec2021_059,meta-llama/Meta-Llama-3.1-8B-Instruct,V-final,0,False
outputs/backbone_gens/meta-llama__Meta-Llama-3.1-8B-Instruct/case_trec2021_065.json,case_trec2021_065,meta-llama/Meta-Llama-3.1-8B-Instruct,V-final,0,False
outputs/backbone_gens/meta-llama__Meta-Llama-3.1-8B-Instruct/case_trec2022_002.json,case_trec2022_002,meta-llama/Meta-Llama-3.1-8B-Instruct,V-final,0,False
outputs/backbone_gens/meta-llama__Meta-Llama-3.1-8B-Instruct/case_trec2022_005.json,case_trec2022_005,meta-llama/Meta-Llama-3.1-8B-Instruct,V-final,0,False
outputs/backbone_gens/meta-llama__Meta-Llama-3.1-8B-Instruct/case_trec2022_031.json,case_trec2022_031,meta-llama/Meta-Llama-3.1-8B-Instruct,V-final,0,False
outputs/backbone_gens/meta-llama__Meta-Llama-3.1-8B-Instruct/case_trec2022_034.json,case_trec2022_034,meta-llama/Meta-Llama-3.1-8B-Instruct,V-final,0,False
outputs/backbone_gens/meta-llama__Meta-Llama-3.1-8B-Instruct/case_trec2022_042.json,case_trec2022_042,meta-llama/Meta-Llama-3.1-8B-Instruct,V-final,0,False
outputs/backbone_gens/meta-llama__Meta-Llama-3.1-8B-Instruct/case_trec2022_045.json,case_trec2022_045,meta-llama/Meta-Llama-3.1-8B-Instruct,V-final,0,False
outputs/backbone_gens/meta-llama__Meta-Llama-3.1-8B-Instruct/case_trec2022_046.json,case_trec2022_046,meta-llama/Meta-Llama-3.1-8B-Instruct,V-final,0,False
outputs/backbone_gens/mistralai__Mistral-7B-Instruct-v0.3/case_01.json,case_01,mistralai/Mistral-7B-Instruct-v0.3,V-final,0,False
outputs/backbone_gens/mistralai__Mistral-7B-Instruct-v0.3/case_04.json,case_04,mistralai/Mistral-7B-Instruct-v0.3,V-final,3,False
outputs/backbone_gens/mistralai__Mistral-7B-Instruct-v0.3/case_05.json,case_05,mistralai/Mistral-7B-Instruct-v0.3,V-final,1,False
outputs/backbone_gens/mistralai__Mistral-7B-Instruct-v0.3/case_12.json,case_12,mistralai/Mistral-7B-Instruct-v0.3,V-final,2,False
outputs/backbone_gens/mistralai__Mistral-7B-Instruct-v0.3/case_13.json,case_13,mistralai/Mistral-7B-Instruct-v0.3,V-final,5,False
outputs/backbone_gens/mistralai__Mistral-7B-Instruct-v0.3/case_14.json,case_14,mistralai/Mistral-7B-Instruct-v0.3,V-final,0,False
outputs/backbone_gens/mistralai__Mistral-7B-Instruct-v0.3/case_paraphrase_005.json,case_paraphrase_005,mistralai/Mistral-7B-Instruct-v0.3,V-final,0,False
outputs/backbone_gens/mistralai__Mistral-7B-Instruct-v0.3/case_paraphrase_011.json,case_paraphrase_011,mistralai/Mistral-7B-Instruct-v0.3,V-final,0,False
outputs/backbone_gens/mistralai__Mistral-7B-Instruct-v0.3/case_paraphrase_013.json,case_paraphrase_013,mistralai/Mistral-7B-Instruct-v0.3,V-final,0,False
outputs/backbone_gens/mistralai__Mistral-7B-Instruct-v0.3/case_paraphrase_014.json,case_paraphrase_014,mistralai/Mistral-7B-Instruct-v0.3,V-final,0,False
outputs/backbone_gens/mistralai__Mistral-7B-Instruct-v0.3/case_paraphrase_015.json,case_paraphrase_015,mistralai/Mistral-7B-Instruct-v0.3,V-final,0,False
outputs/backbone_gens/mistralai__Mistral-7B-Instruct-v0.3/case_paraphrase_020.json,case_paraphrase_020,mistralai/Mistral-7B-Instruct-v0.3,V-final,0,False
outputs/backbone_gens/mistralai__Mistral-7B-Instruct-v0.3/case_paraphrase_029.json,case_paraphrase_029,mistralai/Mistral-7B-Instruct-v0.3,V-final,0,False
outputs/backbone_gens/mistralai__Mistral-7B-Instruct-v0.3/case_paraphrase_030.json,case_paraphrase_030,mistralai/Mistral-7B-Instruct-v0.3,V-final,0,False
outputs/backbone_gens/mistralai__Mistral-7B-Instruct-v0.3/case_trec2021_008.json,case_trec2021_008,mistralai/Mistral-7B-Instruct-v0.3,V-final,0,False
outputs/backbone_gens/mistralai__Mistral-7B-Instruct-v0.3/case_trec2021_012.json,case_trec2021_012,mistralai/Mistral-7B-Instruct-v0.3,V-final,1,False
outputs/backbone_gens/mistralai__Mistral-7B-Instruct-v0.3/case_trec2021_022.json,case_trec2021_022,mistralai/Mistral-7B-Instruct-v0.3,V-final,0,False
outputs/backbone_gens/mistralai__Mistral-7B-Instruct-v0.3/case_trec2021_025.json,case_trec2021_025,mistralai/Mistral-7B-Instruct-v0.3,V-final,0,False
outputs/backbone_gens/mistralai__Mistral-7B-Instruct-v0.3/case_trec2021_033.json,case_trec2021_033,mistralai/Mistral-7B-Instruct-v0.3,V-final,0,False
outputs/backbone_gens/mistralai__Mistral-7B-Instruct-v0.3/case_trec2021_036.json,case_trec2021_036,mistralai/Mistral-7B-Instruct-v0.3,V-final,0,False
outputs/backbone_gens/mistralai__Mistral-7B-Instruct-v0.3/case_trec2021_044.json,case_trec2021_044,mistralai/Mistral-7B-Instruct-v0.3,V-final,0,False
outputs/backbone_gens/mistralai__Mistral-7B-Instruct-v0.3/case_trec2021_059.json,case_trec2021_059,mistralai/Mistral-7B-Instruct-v0.3,V-final,0,False
outputs/backbone_gens/mistralai__Mistral-7B-Instruct-v0.3/case_trec2021_065.json,case_trec2021_065,mistralai/Mistral-7B-Instruct-v0.3,V-final,0,False
outputs/backbone_gens/mistralai__Mistral-7B-Instruct-v0.3/case_trec2022_002.json,case_trec2022_002,mistralai/Mistral-7B-Instruct-v0.3,V-final,0,False
outputs/backbone_gens/mistralai__Mistral-7B-Instruct-v0.3/case_trec2022_005.json,case_trec2022_005,mistralai/Mistral-7B-Instruct-v0.3,V-final,0,False
outputs/backbone_gens/mistralai__Mistral-7B-Instruct-v0.3/case_trec2022_031.json,case_trec2022_031,mistralai/Mistral-7B-Instruct-v0.3,V-final,0,False
outputs/backbone_gens/mistralai__Mistral-7B-Instruct-v0.3/case_trec2022_034.json,case_trec2022_034,mistralai/Mistral-7B-Instruct-v0.3,V-final,0,False
outputs/backbone_gens/mistralai__Mistral-7B-Instruct-v0.3/case_trec2022_042.json,case_trec2022_042,mistralai/Mistral-7B-Instruct-v0.3,V-final,0,False
outputs/backbone_gens/mistralai__Mistral-7B-Instruct-v0.3/case_trec2022_045.json,case_trec2022_045,mistralai/Mistral-7B-Instruct-v0.3,V-final,0,False
outputs/backbone_gens/mistralai__Mistral-7B-Instruct-v0.3/case_trec2022_046.json,case_trec2022_046,mistralai/Mistral-7B-Instruct-v0.3,V-final,0,False
outputs/phase4/n100_expansion/gens/Qwen__Qwen2.5-3B-Instruct/case_02.json,case_02,Qwen/Qwen2.5-3B-Instruct,V-final,2,False
outputs/phase4/n100_expansion/gens/Qwen__Qwen2.5-3B-Instruct/case_03.json,case_03,Qwen/Qwen2.5-3B-Instruct,V-final,1,False
outputs/phase4/n100_expansion/gens/Qwen__Qwen2.5-3B-Instruct/case_06.json,case_06,Qwen/Qwen2.5-3B-Instruct,V-final,2,False
outputs/phase4/n100_expansion/gens/Qwen__Qwen2.5-3B-Instruct/case_07.json,case_07,Qwen/Qwen2.5-3B-Instruct,V-final,0,False
outputs/phase4/n100_expansion/gens/Qwen__Qwen2.5-3B-Instruct/case_08.json,case_08,Qwen/Qwen2.5-3B-Instruct,V-final,2,False
outputs/phase4/n100_expansion/gens/Qwen__Qwen2.5-3B-Instruct/case_09.json,case_09,Qwen/Qwen2.5-3B-Instruct,V-final,2,False
outputs/phase4/n100_expansion/gens/Qwen__Qwen2.5-3B-Instruct/case_10.json,case_10,Qwen/Qwen2.5-3B-Instruct,V-final,0,False
outputs/phase4/n100_expansion/gens/Qwen__Qwen2.5-3B-Instruct/case_11.json,case_11,Qwen/Qwen2.5-3B-Instruct,V-final,1,False
outputs/phase4/n100_expansion/gens/Qwen__Qwen2.5-3B-Instruct/case_15.json,case_15,Qwen/Qwen2.5-3B-Instruct,V-final,0,False
outputs/phase4/n100_expansion/gens/Qwen__Qwen2.5-3B-Instruct/case_paraphrase_001.json,case_paraphrase_001,Qwen/Qwen2.5-3B-Instruct,V-final,0,False
outputs/phase4/n100_expansion/gens/Qwen__Qwen2.5-3B-Instruct/case_paraphrase_002.json,case_paraphrase_002,Qwen/Qwen2.5-3B-Instruct,V-final,2,False
outputs/phase4/n100_expansion/gens/Qwen__Qwen2.5-3B-Instruct/case_paraphrase_003.json,case_paraphrase_003,Qwen/Qwen2.5-3B-Instruct,V-final,0,False
outputs/phase4/n100_expansion/gens/Qwen__Qwen2.5-3B-Instruct/case_paraphrase_004.json,case_paraphrase_004,Qwen/Qwen2.5-3B-Instruct,V-final,0,False
outputs/phase4/n100_expansion/gens/Qwen__Qwen2.5-3B-Instruct/case_paraphrase_006.json,case_paraphrase_006,Qwen/Qwen2.5-3B-Instruct,V-final,2,False
outputs/phase4/n100_expansion/gens/Qwen__Qwen2.5-3B-Instruct/case_paraphrase_007.json,case_paraphrase_007,Qwen/Qwen2.5-3B-Instruct,V-final,0,False
outputs/phase4/n100_expansion/gens/Qwen__Qwen2.5-3B-Instruct/case_paraphrase_008.json,case_paraphrase_008,Qwen/Qwen2.5-3B-Instruct,V-final,0,False
outputs/phase4/n100_expansion/gens/Qwen__Qwen2.5-3B-Instruct/case_paraphrase_009.json,case_paraphrase_009,Qwen/Qwen2.5-3B-Instruct,V-final,0,False
outputs/phase4/n100_expansion/gens/Qwen__Qwen2.5-3B-Instruct/case_paraphrase_010.json,case_paraphrase_010,Qwen/Qwen2.5-3B-Instruct,V-final,1,False
outputs/phase4/n100_expansion/gens/Qwen__Qwen2.5-3B-Instruct/case_paraphrase_012.json,case_paraphrase_012,Qwen/Qwen2.5-3B-Instruct,V-final,0,False
outputs/phase4/n100_expansion/gens/Qwen__Qwen2.5-3B-Instruct/case_paraphrase_016.json,case_paraphrase_016,Qwen/Qwen2.5-3B-Instruct,V-final,0,False
outputs/phase4/n100_expansion/gens/Qwen__Qwen2.5-3B-Instruct/case_paraphrase_017.json,case_paraphrase_017,Qwen/Qwen2.5-3B-Instruct,V-final,0,False
outputs/phase4/n100_expansion/gens/Qwen__Qwen2.5-3B-Instruct/case_paraphrase_018.json,case_paraphrase_018,Qwen/Qwen2.5-3B-Instruct,V-final,1,False
outputs/phase4/n100_expansion/gens/Qwen__Qwen2.5-3B-Instruct/case_paraphrase_019.json,case_paraphrase_019,Qwen/Qwen2.5-3B-Instruct,V-final,0,False
outputs/phase4/n100_expansion/gens/Qwen__Qwen2.5-3B-Instruct/case_paraphrase_021.json,case_paraphrase_021,Qwen/Qwen2.5-3B-Instruct,V-final,0,False
outputs/phase4/n100_expansion/gens/Qwen__Qwen2.5-3B-Instruct/case_paraphrase_022.json,case_paraphrase_022,Qwen/Qwen2.5-3B-Instruct,V-final,0,False
outputs/phase4/n100_expansion/gens/Qwen__Qwen2.5-3B-Instruct/case_paraphrase_023.json,case_paraphrase_023,Qwen/Qwen2.5-3B-Instruct,V-final,0,False
outputs/phase4/n100_expansion/gens/Qwen__Qwen2.5-3B-Instruct/case_paraphrase_024.json,case_paraphrase_024,Qwen/Qwen2.5-3B-Instruct,V-final,2,False
outputs/phase4/n100_expansion/gens/Qwen__Qwen2.5-3B-Instruct/case_paraphrase_025.json,case_paraphrase_025,Qwen/Qwen2.5-3B-Instruct,V-final,0,False
outputs/phase4/n100_expansion/gens/Qwen__Qwen2.5-3B-Instruct/case_paraphrase_026.json,case_paraphrase_026,Qwen/Qwen2.5-3B-Instruct,V-final,0,False
outputs/phase4/n100_expansion/gens/Qwen__Qwen2.5-3B-Instruct/case_paraphrase_027.json,case_paraphrase_027,Qwen/Qwen2.5-3B-Instruct,V-final,1,False
outputs/phase4/n100_expansion/gens/Qwen__Qwen2.5-3B-Instruct/case_paraphrase_028.json,case_paraphrase_028,Qwen/Qwen2.5-3B-Instruct,V-final,0,False
outputs/phase4/n100_expansion/gens/Qwen__Qwen2.5-3B-Instruct/case_paraphrase_031.json,case_paraphrase_031,Qwen/Qwen2.5-3B-Instruct,V-final,0,False
outputs/phase4/n100_expansion/gens/Qwen__Qwen2.5-3B-Instruct/case_paraphrase_032.json,case_paraphrase_032,Qwen/Qwen2.5-3B-Instruct,V-final,2,False
outputs/phase4/n100_expansion/gens/Qwen__Qwen2.5-3B-Instruct/case_paraphrase_033.json,case_paraphrase_033,Qwen/Qwen2.5-3B-Instruct,V-final,0,False
outputs/phase4/n100_expansion/gens/Qwen__Qwen2.5-3B-Instruct/case_paraphrase_034.json,case_paraphrase_034,Qwen/Qwen2.5-3B-Instruct,V-final,3,False
outputs/phase4/n100_expansion/gens/Qwen__Qwen2.5-3B-Instruct/case_paraphrase_035.json,case_paraphrase_035,Qwen/Qwen2.5-3B-Instruct,V-final,0,False
outputs/phase4/n100_expansion/gens/Qwen__Qwen2.5-3B-Instruct/case_trec2021_001.json,case_trec2021_001,Qwen/Qwen2.5-3B-Instruct,V-final,0,False
outputs/phase4/n100_expansion/gens/Qwen__Qwen2.5-3B-Instruct/case_trec2021_009.json,case_trec2021_009,Qwen/Qwen2.5-3B-Instruct,V-final,0,False
outputs/phase4/n100_expansion/gens/Qwen__Qwen2.5-3B-Instruct/case_trec2021_013.json,case_trec2021_013,Qwen/Qwen2.5-3B-Instruct,V-final,0,False
outputs/phase4/n100_expansion/gens/Qwen__Qwen2.5-3B-Instruct/case_trec2021_015.json,case_trec2021_015,Qwen/Qwen2.5-3B-Instruct,V-final,0,False
outputs/phase4/n100_expansion/gens/Qwen__Qwen2.5-3B-Instruct/case_trec2021_018.json,case_trec2021_018,Qwen/Qwen2.5-3B-Instruct,V-final,1,False
outputs/phase4/n100_expansion/gens/Qwen__Qwen2.5-3B-Instruct/case_trec2021_019.json,case_trec2021_019,Qwen/Qwen2.5-3B-Instruct,V-final,0,False
outputs/phase4/n100_expansion/gens/Qwen__Qwen2.5-3B-Instruct/case_trec2021_026.json,case_trec2021_026,Qwen/Qwen2.5-3B-Instruct,V-final,4,False
outputs/phase4/n100_expansion/gens/Qwen__Qwen2.5-3B-Instruct/case_trec2021_028.json,case_trec2021_028,Qwen/Qwen2.5-3B-Instruct,V-final,0,False
outputs/phase4/n100_expansion/gens/Qwen__Qwen2.5-3B-Instruct/case_trec2021_031.json,case_trec2021_031,Qwen/Qwen2.5-3B-Instruct,V-final,2,False
outputs/phase4/n100_expansion/gens/Qwen__Qwen2.5-3B-Instruct/case_trec2021_034.json,case_trec2021_034,Qwen/Qwen2.5-3B-Instruct,V-final,0,False
outputs/phase4/n100_expansion/gens/Qwen__Qwen2.5-3B-Instruct/case_trec2021_035.json,case_trec2021_035,Qwen/Qwen2.5-3B-Instruct,V-final,0,False
outputs/phase4/n100_expansion/gens/Qwen__Qwen2.5-3B-Instruct/case_trec2021_042.json,case_trec2021_042,Qwen/Qwen2.5-3B-Instruct,V-final,1,False
outputs/phase4/n100_expansion/gens/Qwen__Qwen2.5-3B-Instruct/case_trec2021_047.json,case_trec2021_047,Qwen/Qwen2.5-3B-Instruct,V-final,0,False
outputs/phase4/n100_expansion/gens/Qwen__Qwen2.5-3B-Instruct/case_trec2021_048.json,case_trec2021_048,Qwen/Qwen2.5-3B-Instruct,V-final,0,False
outputs/phase4/n100_expansion/gens/Qwen__Qwen2.5-3B-Instruct/case_trec2021_049.json,case_trec2021_049,Qwen/Qwen2.5-3B-Instruct,V-final,1,False
outputs/phase4/n100_expansion/gens/Qwen__Qwen2.5-3B-Instruct/case_trec2021_050.json,case_trec2021_050,Qwen/Qwen2.5-3B-Instruct,V-final,0,False
outputs/phase4/n100_expansion/gens/Qwen__Qwen2.5-3B-Instruct/case_trec2021_053.json,case_trec2021_053,Qwen/Qwen2.5-3B-Instruct,V-final,1,False
outputs/phase4/n100_expansion/gens/Qwen__Qwen2.5-3B-Instruct/case_trec2021_056.json,case_trec2021_056,Qwen/Qwen2.5-3B-Instruct,V-final,0,False
outputs/phase4/n100_expansion/gens/Qwen__Qwen2.5-3B-Instruct/case_trec2021_057.json,case_trec2021_057,Qwen/Qwen2.5-3B-Instruct,V-final,0,False
outputs/phase4/n100_expansion/gens/Qwen__Qwen2.5-3B-Instruct/case_trec2021_058.json,case_trec2021_058,Qwen/Qwen2.5-3B-Instruct,V-final,2,False
outputs/phase4/n100_expansion/gens/Qwen__Qwen2.5-3B-Instruct/case_trec2021_061.json,case_trec2021_061,Qwen/Qwen2.5-3B-Instruct,V-final,1,False
outputs/phase4/n100_expansion/gens/Qwen__Qwen2.5-3B-Instruct/case_trec2021_070.json,case_trec2021_070,Qwen/Qwen2.5-3B-Instruct,V-final,1,False
outputs/phase4/n100_expansion/gens/Qwen__Qwen2.5-3B-Instruct/case_trec2021_073.json,case_trec2021_073,Qwen/Qwen2.5-3B-Instruct,V-final,1,False
outputs/phase4/n100_expansion/gens/Qwen__Qwen2.5-3B-Instruct/case_trec2022_003.json,case_trec2022_003,Qwen/Qwen2.5-3B-Instruct,V-final,0,False
outputs/phase4/n100_expansion/gens/Qwen__Qwen2.5-3B-Instruct/case_trec2022_004.json,case_trec2022_004,Qwen/Qwen2.5-3B-Instruct,V-final,0,False
outputs/phase4/n100_expansion/gens/Qwen__Qwen2.5-3B-Instruct/case_trec2022_006.json,case_trec2022_006,Qwen/Qwen2.5-3B-Instruct,V-final,0,False
outputs/phase4/n100_expansion/gens/Qwen__Qwen2.5-3B-Instruct/case_trec2022_007.json,case_trec2022_007,Qwen/Qwen2.5-3B-Instruct,V-final,2,False
outputs/phase4/n100_expansion/gens/Qwen__Qwen2.5-3B-Instruct/case_trec2022_008.json,case_trec2022_008,Qwen/Qwen2.5-3B-Instruct,V-final,0,False
outputs/phase4/n100_expansion/gens/Qwen__Qwen2.5-3B-Instruct/case_trec2022_009.json,case_trec2022_009,Qwen/Qwen2.5-3B-Instruct,V-final,0,False
outputs/phase4/n100_expansion/gens/Qwen__Qwen2.5-3B-Instruct/case_trec2022_012.json,case_trec2022_012,Qwen/Qwen2.5-3B-Instruct,V-final,1,False
outputs/phase4/n100_expansion/gens/Qwen__Qwen2.5-3B-Instruct/case_trec2022_013.json,case_trec2022_013,Qwen/Qwen2.5-3B-Instruct,V-final,0,False
outputs/phase4/n100_expansion/gens/Qwen__Qwen2.5-3B-Instruct/case_trec2022_014.json,case_trec2022_014,Qwen/Qwen2.5-3B-Instruct,V-final,1,False
outputs/phase4/n100_expansion/gens/Qwen__Qwen2.5-3B-Instruct/case_trec2022_016.json,case_trec2022_016,Qwen/Qwen2.5-3B-Instruct,V-final,3,False
outputs/phase4/n100_expansion/gens/Qwen__Qwen2.5-3B-Instruct/case_trec2022_018.json,case_trec2022_018,Qwen/Qwen2.5-3B-Instruct,V-final,0,False
outputs/phase4/n100_expansion/gens/Qwen__Qwen2.5-3B-Instruct/case_trec2022_020.json,case_trec2022_020,Qwen/Qwen2.5-3B-Instruct,V-final,4,False
outputs/phase4/n100_expansion/gens/Qwen__Qwen2.5-3B-Instruct/case_trec2022_021.json,case_trec2022_021,Qwen/Qwen2.5-3B-Instruct,V-final,0,False
outputs/phase4/n100_expansion/gens/Qwen__Qwen2.5-3B-Instruct/case_trec2022_023.json,case_trec2022_023,Qwen/Qwen2.5-3B-Instruct,V-final,0,False
outputs/phase4/n100_expansion/gens/Qwen__Qwen2.5-3B-Instruct/case_trec2022_024.json,case_trec2022_024,Qwen/Qwen2.5-3B-Instruct,V-final,1,False
outputs/phase4/n100_expansion/gens/Qwen__Qwen2.5-3B-Instruct/case_trec2022_026.json,case_trec2022_026,Qwen/Qwen2.5-3B-Instruct,V-final,1,False
outputs/phase4/n100_expansion/gens/Qwen__Qwen2.5-3B-Instruct/case_trec2022_027.json,case_trec2022_027,Qwen/Qwen2.5-3B-Instruct,V-final,2,False
outputs/phase4/n100_expansion/gens/Qwen__Qwen2.5-3B-Instruct/case_trec2022_030.json,case_trec2022_030,Qwen/Qwen2.5-3B-Instruct,V-final,3,False
outputs/phase4/n100_expansion/gens/Qwen__Qwen2.5-3B-Instruct/case_trec2022_032.json,case_trec2022_032,Qwen/Qwen2.5-3B-Instruct,V-final,0,False
outputs/phase4/n100_expansion/gens/Qwen__Qwen2.5-3B-Instruct/case_trec2022_033.json,case_trec2022_033,Qwen/Qwen2.5-3B-Instruct,V-final,1,False
outputs/phase4/n100_expansion/gens/Qwen__Qwen2.5-3B-Instruct/case_trec2022_037.json,case_trec2022_037,Qwen/Qwen2.5-3B-Instruct,V-final,0,False
outputs/phase4/n100_expansion/gens/Qwen__Qwen2.5-3B-Instruct/case_trec2022_041.json,case_trec2022_041,Qwen/Qwen2.5-3B-Instruct,V-final,0,False
outputs/phase4/n100_expansion/gens/Qwen__Qwen2.5-3B-Instruct/case_trec2022_047.json,case_trec2022_047,Qwen/Qwen2.5-3B-Instruct,V-final,0,False
outputs/phase4/n100_expansion/gens/Qwen__Qwen2.5-3B-Instruct/case_trec2022_048.json,case_trec2022_048,Qwen/Qwen2.5-3B-Instruct,V-final,0,False
outputs/phase4/n100_expansion/gens/Qwen__Qwen2.5-3B-Instruct/case_trec2022_050.json,case_trec2022_050,Qwen/Qwen2.5-3B-Instruct,V-final,0,False
outputs/phase4/n100_expansion/gens/Qwen__Qwen2.5-7B-Instruct/case_02.json,case_02,Qwen/Qwen2.5-7B-Instruct,V-final,1,False
outputs/phase4/n100_expansion/gens/Qwen__Qwen2.5-7B-Instruct/case_03.json,case_03,Qwen/Qwen2.5-7B-Instruct,V-final,2,False
outputs/phase4/n100_expansion/gens/Qwen__Qwen2.5-7B-Instruct/case_06.json,case_06,Qwen/Qwen2.5-7B-Instruct,V-final,0,False
outputs/phase4/n100_expansion/gens/Qwen__Qwen2.5-7B-Instruct/case_07.json,case_07,Qwen/Qwen2.5-7B-Instruct,V-final,0,False
outputs/phase4/n100_expansion/gens/Qwen__Qwen2.5-7B-Instruct/case_08.json,case_08,Qwen/Qwen2.5-7B-Instruct,V-final,1,False
outputs/phase4/n100_expansion/gens/Qwen__Qwen2.5-7B-Instruct/case_09.json,case_09,Qwen/Qwen2.5-7B-Instruct,V-final,2,False
outputs/phase4/n100_expansion/gens/Qwen__Qwen2.5-7B-Instruct/case_10.json,case_10,Qwen/Qwen2.5-7B-Instruct,V-final,2,False
outputs/phase4/n100_expansion/gens/Qwen__Qwen2.5-7B-Instruct/case_11.json,case_11,Qwen/Qwen2.5-7B-Instruct,V-final,0,False
outputs/phase4/n100_expansion/gens/Qwen__Qwen2.5-7B-Instruct/case_15.json,case_15,Qwen/Qwen2.5-7B-Instruct,V-final,1,False
outputs/phase4/n100_expansion/gens/Qwen__Qwen2.5-7B-Instruct/case_paraphrase_001.json,case_paraphrase_001,Qwen/Qwen2.5-7B-Instruct,V-final,1,False
outputs/phase4/n100_expansion/gens/Qwen__Qwen2.5-7B-Instruct/case_paraphrase_002.json,case_paraphrase_002,Qwen/Qwen2.5-7B-Instruct,V-final,1,False
outputs/phase4/n100_expansion/gens/Qwen__Qwen2.5-7B-Instruct/case_paraphrase_003.json,case_paraphrase_003,Qwen/Qwen2.5-7B-Instruct,V-final,0,False
outputs/phase4/n100_expansion/gens/Qwen__Qwen2.5-7B-Instruct/case_paraphrase_004.json,case_paraphrase_004,Qwen/Qwen2.5-7B-Instruct,V-final,0,False
outputs/phase4/n100_expansion/gens/Qwen__Qwen2.5-7B-Instruct/case_paraphrase_006.json,case_paraphrase_006,Qwen/Qwen2.5-7B-Instruct,V-final,0,False
outputs/phase4/n100_expansion/gens/Qwen__Qwen2.5-7B-Instruct/case_paraphrase_007.json,case_paraphrase_007,Qwen/Qwen2.5-7B-Instruct,V-final,0,False
outputs/phase4/n100_expansion/gens/Qwen__Qwen2.5-7B-Instruct/case_paraphrase_008.json,case_paraphrase_008,Qwen/Qwen2.5-7B-Instruct,V-final,0,False
outputs/phase4/n100_expansion/gens/Qwen__Qwen2.5-7B-Instruct/case_paraphrase_009.json,case_paraphrase_009,Qwen/Qwen2.5-7B-Instruct,V-final,0,False
outputs/phase4/n100_expansion/gens/Qwen__Qwen2.5-7B-Instruct/case_paraphrase_010.json,case_paraphrase_010,Qwen/Qwen2.5-7B-Instruct,V-final,0,False
outputs/phase4/n100_expansion/gens/Qwen__Qwen2.5-7B-Instruct/case_paraphrase_012.json,case_paraphrase_012,Qwen/Qwen2.5-7B-Instruct,V-final,0,False
outputs/phase4/n100_expansion/gens/Qwen__Qwen2.5-7B-Instruct/case_paraphrase_016.json,case_paraphrase_016,Qwen/Qwen2.5-7B-Instruct,V-final,1,False
outputs/phase4/n100_expansion/gens/Qwen__Qwen2.5-7B-Instruct/case_paraphrase_017.json,case_paraphrase_017,Qwen/Qwen2.5-7B-Instruct,V-final,1,False
outputs/phase4/n100_expansion/gens/Qwen__Qwen2.5-7B-Instruct/case_paraphrase_018.json,case_paraphrase_018,Qwen/Qwen2.5-7B-Instruct,V-final,0,False
outputs/phase4/n100_expansion/gens/Qwen__Qwen2.5-7B-Instruct/case_paraphrase_019.json,case_paraphrase_019,Qwen/Qwen2.5-7B-Instruct,V-final,0,False
outputs/phase4/n100_expansion/gens/Qwen__Qwen2.5-7B-Instruct/case_paraphrase_021.json,case_paraphrase_021,Qwen/Qwen2.5-7B-Instruct,V-final,2,False
outputs/phase4/n100_expansion/gens/Qwen__Qwen2.5-7B-Instruct/case_paraphrase_022.json,case_paraphrase_022,Qwen/Qwen2.5-7B-Instruct,V-final,1,False
outputs/phase4/n100_expansion/gens/Qwen__Qwen2.5-7B-Instruct/case_paraphrase_023.json,case_paraphrase_023,Qwen/Qwen2.5-7B-Instruct,V-final,2,False
outputs/phase4/n100_expansion/gens/Qwen__Qwen2.5-7B-Instruct/case_paraphrase_024.json,case_paraphrase_024,Qwen/Qwen2.5-7B-Instruct,V-final,0,False
outputs/phase4/n100_expansion/gens/Qwen__Qwen2.5-7B-Instruct/case_paraphrase_025.json,case_paraphrase_025,Qwen/Qwen2.5-7B-Instruct,V-final,3,False
outputs/phase4/n100_expansion/gens/Qwen__Qwen2.5-7B-Instruct/case_paraphrase_026.json,case_paraphrase_026,Qwen/Qwen2.5-7B-Instruct,V-final,1,False
outputs/phase4/n100_expansion/gens/Qwen__Qwen2.5-7B-Instruct/case_paraphrase_027.json,case_paraphrase_027,Qwen/Qwen2.5-7B-Instruct,V-final,2,False
outputs/phase4/n100_expansion/gens/Qwen__Qwen2.5-7B-Instruct/case_paraphrase_028.json,case_paraphrase_028,Qwen/Qwen2.5-7B-Instruct,V-final,0,False
outputs/phase4/n100_expansion/gens/Qwen__Qwen2.5-7B-Instruct/case_paraphrase_031.json,case_paraphrase_031,Qwen/Qwen2.5-7B-Instruct,V-final,0,False
outputs/phase4/n100_expansion/gens/Qwen__Qwen2.5-7B-Instruct/case_paraphrase_032.json,case_paraphrase_032,Qwen/Qwen2.5-7B-Instruct,V-final,0,False
outputs/phase4/n100_expansion/gens/Qwen__Qwen2.5-7B-Instruct/case_paraphrase_033.json,case_paraphrase_033,Qwen/Qwen2.5-7B-Instruct,V-final,0,False
outputs/phase4/n100_expansion/gens/Qwen__Qwen2.5-7B-Instruct/case_paraphrase_034.json,case_paraphrase_034,Qwen/Qwen2.5-7B-Instruct,V-final,1,False
outputs/phase4/n100_expansion/gens/Qwen__Qwen2.5-7B-Instruct/case_paraphrase_035.json,case_paraphrase_035,Qwen/Qwen2.5-7B-Instruct,V-final,0,False
outputs/phase4/n100_expansion/gens/Qwen__Qwen2.5-7B-Instruct/case_trec2021_001.json,case_trec2021_001,Qwen/Qwen2.5-7B-Instruct,V-final,1,False
outputs/phase4/n100_expansion/gens/Qwen__Qwen2.5-7B-Instruct/case_trec2021_009.json,case_trec2021_009,Qwen/Qwen2.5-7B-Instruct,V-final,0,False
outputs/phase4/n100_expansion/gens/Qwen__Qwen2.5-7B-Instruct/case_trec2021_013.json,case_trec2021_013,Qwen/Qwen2.5-7B-Instruct,V-final,0,False
outputs/phase4/n100_expansion/gens/Qwen__Qwen2.5-7B-Instruct/case_trec2021_015.json,case_trec2021_015,Qwen/Qwen2.5-7B-Instruct,V-final,2,False
outputs/phase4/n100_expansion/gens/Qwen__Qwen2.5-7B-Instruct/case_trec2021_018.json,case_trec2021_018,Qwen/Qwen2.5-7B-Instruct,V-final,4,False
outputs/phase4/n100_expansion/gens/Qwen__Qwen2.5-7B-Instruct/case_trec2021_019.json,case_trec2021_019,Qwen/Qwen2.5-7B-Instruct,V-final,0,False
outputs/phase4/n100_expansion/gens/Qwen__Qwen2.5-7B-Instruct/case_trec2021_026.json,case_trec2021_026,Qwen/Qwen2.5-7B-Instruct,V-final,2,False
outputs/phase4/n100_expansion/gens/Qwen__Qwen2.5-7B-Instruct/case_trec2021_028.json,case_trec2021_028,Qwen/Qwen2.5-7B-Instruct,V-final,2,False
outputs/phase4/n100_expansion/gens/Qwen__Qwen2.5-7B-Instruct/case_trec2021_031.json,case_trec2021_031,Qwen/Qwen2.5-7B-Instruct,V-final,1,False
outputs/phase4/n100_expansion/gens/Qwen__Qwen2.5-7B-Instruct/case_trec2021_034.json,case_trec2021_034,Qwen/Qwen2.5-7B-Instruct,V-final,0,False
outputs/phase4/n100_expansion/gens/Qwen__Qwen2.5-7B-Instruct/case_trec2021_035.json,case_trec2021_035,Qwen/Qwen2.5-7B-Instruct,V-final,0,False
outputs/phase4/n100_expansion/gens/Qwen__Qwen2.5-7B-Instruct/case_trec2021_042.json,case_trec2021_042,Qwen/Qwen2.5-7B-Instruct,V-final,0,False
outputs/phase4/n100_expansion/gens/Qwen__Qwen2.5-7B-Instruct/case_trec2021_047.json,case_trec2021_047,Qwen/Qwen2.5-7B-Instruct,V-final,0,False
outputs/phase4/n100_expansion/gens/Qwen__Qwen2.5-7B-Instruct/case_trec2021_048.json,case_trec2021_048,Qwen/Qwen2.5-7B-Instruct,V-final,0,False
outputs/phase4/n100_expansion/gens/Qwen__Qwen2.5-7B-Instruct/case_trec2021_049.json,case_trec2021_049,Qwen/Qwen2.5-7B-Instruct,V-final,1,False
outputs/phase4/n100_expansion/gens/Qwen__Qwen2.5-7B-Instruct/case_trec2021_050.json,case_trec2021_050,Qwen/Qwen2.5-7B-Instruct,V-final,1,False
outputs/phase4/n100_expansion/gens/Qwen__Qwen2.5-7B-Instruct/case_trec2021_053.json,case_trec2021_053,Qwen/Qwen2.5-7B-Instruct,V-final,0,False
outputs/phase4/n100_expansion/gens/Qwen__Qwen2.5-7B-Instruct/case_trec2021_056.json,case_trec2021_056,Qwen/Qwen2.5-7B-Instruct,V-final,4,False
outputs/phase4/n100_expansion/gens/Qwen__Qwen2.5-7B-Instruct/case_trec2021_057.json,case_trec2021_057,Qwen/Qwen2.5-7B-Instruct,V-final,0,False
outputs/phase4/n100_expansion/gens/Qwen__Qwen2.5-7B-Instruct/case_trec2021_058.json,case_trec2021_058,Qwen/Qwen2.5-7B-Instruct,V-final,3,False
outputs/phase4/n100_expansion/gens/Qwen__Qwen2.5-7B-Instruct/case_trec2021_061.json,case_trec2021_061,Qwen/Qwen2.5-7B-Instruct,V-final,3,False
outputs/phase4/n100_expansion/gens/Qwen__Qwen2.5-7B-Instruct/case_trec2021_070.json,case_trec2021_070,Qwen/Qwen2.5-7B-Instruct,V-final,0,False
outputs/phase4/n100_expansion/gens/Qwen__Qwen2.5-7B-Instruct/case_trec2021_073.json,case_trec2021_073,Qwen/Qwen2.5-7B-Instruct,V-final,2,False
outputs/phase4/n100_expansion/gens/Qwen__Qwen2.5-7B-Instruct/case_trec2022_003.json,case_trec2022_003,Qwen/Qwen2.5-7B-Instruct,V-final,1,False
outputs/phase4/n100_expansion/gens/Qwen__Qwen2.5-7B-Instruct/case_trec2022_004.json,case_trec2022_004,Qwen/Qwen2.5-7B-Instruct,V-final,0,False
outputs/phase4/n100_expansion/gens/Qwen__Qwen2.5-7B-Instruct/case_trec2022_006.json,case_trec2022_006,Qwen/Qwen2.5-7B-Instruct,V-final,0,False
outputs/phase4/n100_expansion/gens/Qwen__Qwen2.5-7B-Instruct/case_trec2022_007.json,case_trec2022_007,Qwen/Qwen2.5-7B-Instruct,V-final,0,False
outputs/phase4/n100_expansion/gens/Qwen__Qwen2.5-7B-Instruct/case_trec2022_008.json,case_trec2022_008,Qwen/Qwen2.5-7B-Instruct,V-final,0,False
outputs/phase4/n100_expansion/gens/Qwen__Qwen2.5-7B-Instruct/case_trec2022_009.json,case_trec2022_009,Qwen/Qwen2.5-7B-Instruct,V-final,1,False
outputs/phase4/n100_expansion/gens/Qwen__Qwen2.5-7B-Instruct/case_trec2022_012.json,case_trec2022_012,Qwen/Qwen2.5-7B-Instruct,V-final,1,False
outputs/phase4/n100_expansion/gens/Qwen__Qwen2.5-7B-Instruct/case_trec2022_013.json,case_trec2022_013,Qwen/Qwen2.5-7B-Instruct,V-final,3,False
outputs/phase4/n100_expansion/gens/Qwen__Qwen2.5-7B-Instruct/case_trec2022_014.json,case_trec2022_014,Qwen/Qwen2.5-7B-Instruct,V-final,2,False
outputs/phase4/n100_expansion/gens/Qwen__Qwen2.5-7B-Instruct/case_trec2022_016.json,case_trec2022_016,Qwen/Qwen2.5-7B-Instruct,V-final,1,False
outputs/phase4/n100_expansion/gens/Qwen__Qwen2.5-7B-Instruct/case_trec2022_018.json,case_trec2022_018,Qwen/Qwen2.5-7B-Instruct,V-final,2,False
outputs/phase4/n100_expansion/gens/Qwen__Qwen2.5-7B-Instruct/case_trec2022_020.json,case_trec2022_020,Qwen/Qwen2.5-7B-Instruct,V-final,3,False
outputs/phase4/n100_expansion/gens/Qwen__Qwen2.5-7B-Instruct/case_trec2022_021.json,case_trec2022_021,Qwen/Qwen2.5-7B-Instruct,V-final,0,False
outputs/phase4/n100_expansion/gens/Qwen__Qwen2.5-7B-Instruct/case_trec2022_023.json,case_trec2022_023,Qwen/Qwen2.5-7B-Instruct,V-final,0,False
outputs/phase4/n100_expansion/gens/Qwen__Qwen2.5-7B-Instruct/case_trec2022_024.json,case_trec2022_024,Qwen/Qwen2.5-7B-Instruct,V-final,0,False
outputs/phase4/n100_expansion/gens/Qwen__Qwen2.5-7B-Instruct/case_trec2022_026.json,case_trec2022_026,Qwen/Qwen2.5-7B-Instruct,V-final,0,False
outputs/phase4/n100_expansion/gens/Qwen__Qwen2.5-7B-Instruct/case_trec2022_027.json,case_trec2022_027,Qwen/Qwen2.5-7B-Instruct,V-final,3,False
outputs/phase4/n100_expansion/gens/Qwen__Qwen2.5-7B-Instruct/case_trec2022_030.json,case_trec2022_030,Qwen/Qwen2.5-7B-Instruct,V-final,2,False
outputs/phase4/n100_expansion/gens/Qwen__Qwen2.5-7B-Instruct/case_trec2022_032.json,case_trec2022_032,Qwen/Qwen2.5-7B-Instruct,V-final,1,False
outputs/phase4/n100_expansion/gens/Qwen__Qwen2.5-7B-Instruct/case_trec2022_033.json,case_trec2022_033,Qwen/Qwen2.5-7B-Instruct,V-final,0,False
outputs/phase4/n100_expansion/gens/Qwen__Qwen2.5-7B-Instruct/case_trec2022_037.json,case_trec2022_037,Qwen/Qwen2.5-7B-Instruct,V-final,0,False
outputs/phase4/n100_expansion/gens/Qwen__Qwen2.5-7B-Instruct/case_trec2022_041.json,case_trec2022_041,Qwen/Qwen2.5-7B-Instruct,V-final,2,False
outputs/phase4/n100_expansion/gens/Qwen__Qwen2.5-7B-Instruct/case_trec2022_047.json,case_trec2022_047,Qwen/Qwen2.5-7B-Instruct,V-final,0,False
outputs/phase4/n100_expansion/gens/Qwen__Qwen2.5-7B-Instruct/case_trec2022_048.json,case_trec2022_048,Qwen/Qwen2.5-7B-Instruct,V-final,4,False
outputs/phase4/n100_expansion/gens/Qwen__Qwen2.5-7B-Instruct/case_trec2022_050.json,case_trec2022_050,Qwen/Qwen2.5-7B-Instruct,V-final,1,False
outputs/phase4/n100_expansion/gens/meta-llama__Meta-Llama-3.1-8B-Instruct/case_02.json,case_02,meta-llama/Meta-Llama-3.1-8B-Instruct,V-final,0,False
outputs/phase4/n100_expansion/gens/meta-llama__Meta-Llama-3.1-8B-Instruct/case_03.json,case_03,meta-llama/Meta-Llama-3.1-8B-Instruct,V-final,0,False
outputs/phase4/n100_expansion/gens/meta-llama__Meta-Llama-3.1-8B-Instruct/case_06.json,case_06,meta-llama/Meta-Llama-3.1-8B-Instruct,V-final,3,False
outputs/phase4/n100_expansion/gens/meta-llama__Meta-Llama-3.1-8B-Instruct/case_07.json,case_07,meta-llama/Meta-Llama-3.1-8B-Instruct,V-final,2,False
outputs/phase4/n100_expansion/gens/meta-llama__Meta-Llama-3.1-8B-Instruct/case_08.json,case_08,meta-llama/Meta-Llama-3.1-8B-Instruct,V-final,0,False
outputs/phase4/n100_expansion/gens/meta-llama__Meta-Llama-3.1-8B-Instruct/case_09.json,case_09,meta-llama/Meta-Llama-3.1-8B-Instruct,V-final,0,False
outputs/phase4/n100_expansion/gens/meta-llama__Meta-Llama-3.1-8B-Instruct/case_10.json,case_10,meta-llama/Meta-Llama-3.1-8B-Instruct,V-final,0,False
outputs/phase4/n100_expansion/gens/meta-llama__Meta-Llama-3.1-8B-Instruct/case_11.json,case_11,meta-llama/Meta-Llama-3.1-8B-Instruct,V-final,1,False
outputs/phase4/n100_expansion/gens/meta-llama__Meta-Llama-3.1-8B-Instruct/case_15.json,case_15,meta-llama/Meta-Llama-3.1-8B-Instruct,V-final,0,False
outputs/phase4/n100_expansion/gens/meta-llama__Meta-Llama-3.1-8B-Instruct/case_paraphrase_001.json,case_paraphrase_001,meta-llama/Meta-Llama-3.1-8B-Instruct,V-final,2,False
outputs/phase4/n100_expansion/gens/meta-llama__Meta-Llama-3.1-8B-Instruct/case_paraphrase_002.json,case_paraphrase_002,meta-llama/Meta-Llama-3.1-8B-Instruct,V-final,2,False
outputs/phase4/n100_expansion/gens/meta-llama__Meta-Llama-3.1-8B-Instruct/case_paraphrase_003.json,case_paraphrase_003,meta-llama/Meta-Llama-3.1-8B-Instruct,V-final,1,False
outputs/phase4/n100_expansion/gens/meta-llama__Meta-Llama-3.1-8B-Instruct/case_paraphrase_004.json,case_paraphrase_004,meta-llama/Meta-Llama-3.1-8B-Instruct,V-final,2,False
outputs/phase4/n100_expansion/gens/meta-llama__Meta-Llama-3.1-8B-Instruct/case_paraphrase_006.json,case_paraphrase_006,meta-llama/Meta-Llama-3.1-8B-Instruct,V-final,0,False
outputs/phase4/n100_expansion/gens/meta-llama__Meta-Llama-3.1-8B-Instruct/case_paraphrase_007.json,case_paraphrase_007,meta-llama/Meta-Llama-3.1-8B-Instruct,V-final,0,False
outputs/phase4/n100_expansion/gens/meta-llama__Meta-Llama-3.1-8B-Instruct/case_paraphrase_008.json,case_paraphrase_008,meta-llama/Meta-Llama-3.1-8B-Instruct,V-final,0,False
outputs/phase4/n100_expansion/gens/meta-llama__Meta-Llama-3.1-8B-Instruct/case_paraphrase_009.json,case_paraphrase_009,meta-llama/Meta-Llama-3.1-8B-Instruct,V-final,0,False
outputs/phase4/n100_expansion/gens/meta-llama__Meta-Llama-3.1-8B-Instruct/case_paraphrase_010.json,case_paraphrase_010,meta-llama/Meta-Llama-3.1-8B-Instruct,V-final,0,False
outputs/phase4/n100_expansion/gens/meta-llama__Meta-Llama-3.1-8B-Instruct/case_paraphrase_012.json,case_paraphrase_012,meta-llama/Meta-Llama-3.1-8B-Instruct,V-final,0,False
outputs/phase4/n100_expansion/gens/meta-llama__Meta-Llama-3.1-8B-Instruct/case_paraphrase_016.json,case_paraphrase_016,meta-llama/Meta-Llama-3.1-8B-Instruct,V-final,0,False
outputs/phase4/n100_expansion/gens/meta-llama__Meta-Llama-3.1-8B-Instruct/case_paraphrase_017.json,case_paraphrase_017,meta-llama/Meta-Llama-3.1-8B-Instruct,V-final,1,False
outputs/phase4/n100_expansion/gens/meta-llama__Meta-Llama-3.1-8B-Instruct/case_paraphrase_018.json,case_paraphrase_018,meta-llama/Meta-Llama-3.1-8B-Instruct,V-final,3,False
outputs/phase4/n100_expansion/gens/meta-llama__Meta-Llama-3.1-8B-Instruct/case_paraphrase_019.json,case_paraphrase_019,meta-llama/Meta-Llama-3.1-8B-Instruct,V-final,1,False
outputs/phase4/n100_expansion/gens/meta-llama__Meta-Llama-3.1-8B-Instruct/case_paraphrase_021.json,case_paraphrase_021,meta-llama/Meta-Llama-3.1-8B-Instruct,V-final,0,False
outputs/phase4/n100_expansion/gens/meta-llama__Meta-Llama-3.1-8B-Instruct/case_paraphrase_022.json,case_paraphrase_022,meta-llama/Meta-Llama-3.1-8B-Instruct,V-final,1,False
outputs/phase4/n100_expansion/gens/meta-llama__Meta-Llama-3.1-8B-Instruct/case_paraphrase_023.json,case_paraphrase_023,meta-llama/Meta-Llama-3.1-8B-Instruct,V-final,0,False
outputs/phase4/n100_expansion/gens/meta-llama__Meta-Llama-3.1-8B-Instruct/case_paraphrase_024.json,case_paraphrase_024,meta-llama/Meta-Llama-3.1-8B-Instruct,V-final,0,False
outputs/phase4/n100_expansion/gens/meta-llama__Meta-Llama-3.1-8B-Instruct/case_paraphrase_025.json,case_paraphrase_025,meta-llama/Meta-Llama-3.1-8B-Instruct,V-final,0,False
outputs/phase4/n100_expansion/gens/meta-llama__Meta-Llama-3.1-8B-Instruct/case_paraphrase_026.json,case_paraphrase_026,meta-llama/Meta-Llama-3.1-8B-Instruct,V-final,0,False
outputs/phase4/n100_expansion/gens/meta-llama__Meta-Llama-3.1-8B-Instruct/case_paraphrase_027.json,case_paraphrase_027,meta-llama/Meta-Llama-3.1-8B-Instruct,V-final,0,False
outputs/phase4/n100_expansion/gens/meta-llama__Meta-Llama-3.1-8B-Instruct/case_paraphrase_028.json,case_paraphrase_028,meta-llama/Meta-Llama-3.1-8B-Instruct,V-final,0,False
outputs/phase4/n100_expansion/gens/meta-llama__Meta-Llama-3.1-8B-Instruct/case_paraphrase_031.json,case_paraphrase_031,meta-llama/Meta-Llama-3.1-8B-Instruct,V-final,1,False
outputs/phase4/n100_expansion/gens/meta-llama__Meta-Llama-3.1-8B-Instruct/case_paraphrase_032.json,case_paraphrase_032,meta-llama/Meta-Llama-3.1-8B-Instruct,V-final,0,False
outputs/phase4/n100_expansion/gens/meta-llama__Meta-Llama-3.1-8B-Instruct/case_paraphrase_033.json,case_paraphrase_033,meta-llama/Meta-Llama-3.1-8B-Instruct,V-final,1,False
outputs/phase4/n100_expansion/gens/meta-llama__Meta-Llama-3.1-8B-Instruct/case_paraphrase_034.json,case_paraphrase_034,meta-llama/Meta-Llama-3.1-8B-Instruct,V-final,0,False
outputs/phase4/n100_expansion/gens/meta-llama__Meta-Llama-3.1-8B-Instruct/case_paraphrase_035.json,case_paraphrase_035,meta-llama/Meta-Llama-3.1-8B-Instruct,V-final,0,False
outputs/phase4/n100_expansion/gens/meta-llama__Meta-Llama-3.1-8B-Instruct/case_trec2021_001.json,case_trec2021_001,meta-llama/Meta-Llama-3.1-8B-Instruct,V-final,0,False
outputs/phase4/n100_expansion/gens/meta-llama__Meta-Llama-3.1-8B-Instruct/case_trec2021_009.json,case_trec2021_009,meta-llama/Meta-Llama-3.1-8B-Instruct,V-final,0,False
outputs/phase4/n100_expansion/gens/meta-llama__Meta-Llama-3.1-8B-Instruct/case_trec2021_013.json,case_trec2021_013,meta-llama/Meta-Llama-3.1-8B-Instruct,V-final,0,False
outputs/phase4/n100_expansion/gens/meta-llama__Meta-Llama-3.1-8B-Instruct/case_trec2021_015.json,case_trec2021_015,meta-llama/Meta-Llama-3.1-8B-Instruct,V-final,0,False
outputs/phase4/n100_expansion/gens/meta-llama__Meta-Llama-3.1-8B-Instruct/case_trec2021_018.json,case_trec2021_018,meta-llama/Meta-Llama-3.1-8B-Instruct,V-final,4,False
outputs/phase4/n100_expansion/gens/meta-llama__Meta-Llama-3.1-8B-Instruct/case_trec2021_019.json,case_trec2021_019,meta-llama/Meta-Llama-3.1-8B-Instruct,V-final,1,False
outputs/phase4/n100_expansion/gens/meta-llama__Meta-Llama-3.1-8B-Instruct/case_trec2021_026.json,case_trec2021_026,meta-llama/Meta-Llama-3.1-8B-Instruct,V-final,6,False
outputs/phase4/n100_expansion/gens/meta-llama__Meta-Llama-3.1-8B-Instruct/case_trec2021_028.json,case_trec2021_028,meta-llama/Meta-Llama-3.1-8B-Instruct,V-final,2,False
outputs/phase4/n100_expansion/gens/meta-llama__Meta-Llama-3.1-8B-Instruct/case_trec2021_031.json,case_trec2021_031,meta-llama/Meta-Llama-3.1-8B-Instruct,V-final,0,False
outputs/phase4/n100_expansion/gens/meta-llama__Meta-Llama-3.1-8B-Instruct/case_trec2021_034.json,case_trec2021_034,meta-llama/Meta-Llama-3.1-8B-Instruct,V-final,0,False
outputs/phase4/n100_expansion/gens/meta-llama__Meta-Llama-3.1-8B-Instruct/case_trec2021_035.json,case_trec2021_035,meta-llama/Meta-Llama-3.1-8B-Instruct,V-final,2,False
outputs/phase4/n100_expansion/gens/meta-llama__Meta-Llama-3.1-8B-Instruct/case_trec2021_042.json,case_trec2021_042,meta-llama/Meta-Llama-3.1-8B-Instruct,V-final,0,False
outputs/phase4/n100_expansion/gens/meta-llama__Meta-Llama-3.1-8B-Instruct/case_trec2021_047.json,case_trec2021_047,meta-llama/Meta-Llama-3.1-8B-Instruct,V-final,0,False
outputs/phase4/n100_expansion/gens/meta-llama__Meta-Llama-3.1-8B-Instruct/case_trec2021_048.json,case_trec2021_048,meta-llama/Meta-Llama-3.1-8B-Instruct,V-final,0,False
outputs/phase4/n100_expansion/gens/meta-llama__Meta-Llama-3.1-8B-Instruct/case_trec2021_049.json,case_trec2021_049,meta-llama/Meta-Llama-3.1-8B-Instruct,V-final,0,False
outputs/phase4/n100_expansion/gens/meta-llama__Meta-Llama-3.1-8B-Instruct/case_trec2021_050.json,case_trec2021_050,meta-llama/Meta-Llama-3.1-8B-Instruct,V-final,0,False
outputs/phase4/n100_expansion/gens/meta-llama__Meta-Llama-3.1-8B-Instruct/case_trec2021_053.json,case_trec2021_053,meta-llama/Meta-Llama-3.1-8B-Instruct,V-final,0,False
outputs/phase4/n100_expansion/gens/meta-llama__Meta-Llama-3.1-8B-Instruct/case_trec2021_056.json,case_trec2021_056,meta-llama/Meta-Llama-3.1-8B-Instruct,V-final,0,False
outputs/phase4/n100_expansion/gens/meta-llama__Meta-Llama-3.1-8B-Instruct/case_trec2021_057.json,case_trec2021_057,meta-llama/Meta-Llama-3.1-8B-Instruct,V-final,0,False
outputs/phase4/n100_expansion/gens/meta-llama__Meta-Llama-3.1-8B-Instruct/case_trec2021_058.json,case_trec2021_058,meta-llama/Meta-Llama-3.1-8B-Instruct,V-final,0,False
outputs/phase4/n100_expansion/gens/meta-llama__Meta-Llama-3.1-8B-Instruct/case_trec2021_061.json,case_trec2021_061,meta-llama/Meta-Llama-3.1-8B-Instruct,V-final,0,False
outputs/phase4/n100_expansion/gens/meta-llama__Meta-Llama-3.1-8B-Instruct/case_trec2021_070.json,case_trec2021_070,meta-llama/Meta-Llama-3.1-8B-Instruct,V-final,0,False
outputs/phase4/n100_expansion/gens/meta-llama__Meta-Llama-3.1-8B-Instruct/case_trec2021_073.json,case_trec2021_073,meta-llama/Meta-Llama-3.1-8B-Instruct,V-final,0,False
outputs/phase4/n100_expansion/gens/meta-llama__Meta-Llama-3.1-8B-Instruct/case_trec2022_003.json,case_trec2022_003,meta-llama/Meta-Llama-3.1-8B-Instruct,V-final,0,False
outputs/phase4/n100_expansion/gens/meta-llama__Meta-Llama-3.1-8B-Instruct/case_trec2022_004.json,case_trec2022_004,meta-llama/Meta-Llama-3.1-8B-Instruct,V-final,0,False
outputs/phase4/n100_expansion/gens/meta-llama__Meta-Llama-3.1-8B-Instruct/case_trec2022_006.json,case_trec2022_006,meta-llama/Meta-Llama-3.1-8B-Instruct,V-final,0,False
outputs/phase4/n100_expansion/gens/meta-llama__Meta-Llama-3.1-8B-Instruct/case_trec2022_007.json,case_trec2022_007,meta-llama/Meta-Llama-3.1-8B-Instruct,V-final,0,False
outputs/phase4/n100_expansion/gens/meta-llama__Meta-Llama-3.1-8B-Instruct/case_trec2022_008.json,case_trec2022_008,meta-llama/Meta-Llama-3.1-8B-Instruct,V-final,0,False
outputs/phase4/n100_expansion/gens/meta-llama__Meta-Llama-3.1-8B-Instruct/case_trec2022_009.json,case_trec2022_009,meta-llama/Meta-Llama-3.1-8B-Instruct,V-final,0,False
outputs/phase4/n100_expansion/gens/meta-llama__Meta-Llama-3.1-8B-Instruct/case_trec2022_012.json,case_trec2022_012,meta-llama/Meta-Llama-3.1-8B-Instruct,V-final,0,False
outputs/phase4/n100_expansion/gens/meta-llama__Meta-Llama-3.1-8B-Instruct/case_trec2022_013.json,case_trec2022_013,meta-llama/Meta-Llama-3.1-8B-Instruct,V-final,2,False
outputs/phase4/n100_expansion/gens/meta-llama__Meta-Llama-3.1-8B-Instruct/case_trec2022_014.json,case_trec2022_014,meta-llama/Meta-Llama-3.1-8B-Instruct,V-final,0,False
outputs/phase4/n100_expansion/gens/meta-llama__Meta-Llama-3.1-8B-Instruct/case_trec2022_016.json,case_trec2022_016,meta-llama/Meta-Llama-3.1-8B-Instruct,V-final,0,False
outputs/phase4/n100_expansion/gens/meta-llama__Meta-Llama-3.1-8B-Instruct/case_trec2022_018.json,case_trec2022_018,meta-llama/Meta-Llama-3.1-8B-Instruct,V-final,1,False
outputs/phase4/n100_expansion/gens/meta-llama__Meta-Llama-3.1-8B-Instruct/case_trec2022_020.json,case_trec2022_020,meta-llama/Meta-Llama-3.1-8B-Instruct,V-final,7,False
outputs/phase4/n100_expansion/gens/meta-llama__Meta-Llama-3.1-8B-Instruct/case_trec2022_021.json,case_trec2022_021,meta-llama/Meta-Llama-3.1-8B-Instruct,V-final,0,False
outputs/phase4/n100_expansion/gens/meta-llama__Meta-Llama-3.1-8B-Instruct/case_trec2022_023.json,case_trec2022_023,meta-llama/Meta-Llama-3.1-8B-Instruct,V-final,2,False
outputs/phase4/n100_expansion/gens/meta-llama__Meta-Llama-3.1-8B-Instruct/case_trec2022_024.json,case_trec2022_024,meta-llama/Meta-Llama-3.1-8B-Instruct,V-final,0,False
outputs/phase4/n100_expansion/gens/meta-llama__Meta-Llama-3.1-8B-Instruct/case_trec2022_026.json,case_trec2022_026,meta-llama/Meta-Llama-3.1-8B-Instruct,V-final,2,False
outputs/phase4/n100_expansion/gens/meta-llama__Meta-Llama-3.1-8B-Instruct/case_trec2022_027.json,case_trec2022_027,meta-llama/Meta-Llama-3.1-8B-Instruct,V-final,0,False
outputs/phase4/n100_expansion/gens/meta-llama__Meta-Llama-3.1-8B-Instruct/case_trec2022_030.json,case_trec2022_030,meta-llama/Meta-Llama-3.1-8B-Instruct,V-final,0,False
outputs/phase4/n100_expansion/gens/meta-llama__Meta-Llama-3.1-8B-Instruct/case_trec2022_032.json,case_trec2022_032,meta-llama/Meta-Llama-3.1-8B-Instruct,V-final,0,False
outputs/phase4/n100_expansion/gens/meta-llama__Meta-Llama-3.1-8B-Instruct/case_trec2022_033.json,case_trec2022_033,meta-llama/Meta-Llama-3.1-8B-Instruct,V-final,0,False
outputs/phase4/n100_expansion/gens/meta-llama__Meta-Llama-3.1-8B-Instruct/case_trec2022_037.json,case_trec2022_037,meta-llama/Meta-Llama-3.1-8B-Instruct,V-final,0,False
outputs/phase4/n100_expansion/gens/meta-llama__Meta-Llama-3.1-8B-Instruct/case_trec2022_041.json,case_trec2022_041,meta-llama/Meta-Llama-3.1-8B-Instruct,V-final,0,False
outputs/phase4/n100_expansion/gens/meta-llama__Meta-Llama-3.1-8B-Instruct/case_trec2022_047.json,case_trec2022_047,meta-llama/Meta-Llama-3.1-8B-Instruct,V-final,0,False
outputs/phase4/n100_expansion/gens/meta-llama__Meta-Llama-3.1-8B-Instruct/case_trec2022_048.json,case_trec2022_048,meta-llama/Meta-Llama-3.1-8B-Instruct,V-final,0,False
outputs/phase4/n100_expansion/gens/meta-llama__Meta-Llama-3.1-8B-Instruct/case_trec2022_050.json,case_trec2022_050,meta-llama/Meta-Llama-3.1-8B-Instruct,V-final,0,False
outputs/phase4/n100_expansion/gens/mistralai__Mistral-7B-Instruct-v0.3/case_02.json,case_02,mistralai/Mistral-7B-Instruct-v0.3,V-final,1,False
outputs/phase4/n100_expansion/gens/mistralai__Mistral-7B-Instruct-v0.3/case_03.json,case_03,mistralai/Mistral-7B-Instruct-v0.3,V-final,2,False
outputs/phase4/n100_expansion/gens/mistralai__Mistral-7B-Instruct-v0.3/case_06.json,case_06,mistralai/Mistral-7B-Instruct-v0.3,V-final,0,False
outputs/phase4/n100_expansion/gens/mistralai__Mistral-7B-Instruct-v0.3/case_07.json,case_07,mistralai/Mistral-7B-Instruct-v0.3,V-final,0,False
outputs/phase4/n100_expansion/gens/mistralai__Mistral-7B-Instruct-v0.3/case_08.json,case_08,mistralai/Mistral-7B-Instruct-v0.3,V-final,0,False
outputs/phase4/n100_expansion/gens/mistralai__Mistral-7B-Instruct-v0.3/case_09.json,case_09,mistralai/Mistral-7B-Instruct-v0.3,V-final,1,False
outputs/phase4/n100_expansion/gens/mistralai__Mistral-7B-Instruct-v0.3/case_10.json,case_10,mistralai/Mistral-7B-Instruct-v0.3,V-final,0,False
outputs/phase4/n100_expansion/gens/mistralai__Mistral-7B-Instruct-v0.3/case_11.json,case_11,mistralai/Mistral-7B-Instruct-v0.3,V-final,0,False
outputs/phase4/n100_expansion/gens/mistralai__Mistral-7B-Instruct-v0.3/case_15.json,case_15,mistralai/Mistral-7B-Instruct-v0.3,V-final,0,False
outputs/phase4/n100_expansion/gens/mistralai__Mistral-7B-Instruct-v0.3/case_paraphrase_001.json,case_paraphrase_001,mistralai/Mistral-7B-Instruct-v0.3,V-final,1,False
outputs/phase4/n100_expansion/gens/mistralai__Mistral-7B-Instruct-v0.3/case_paraphrase_002.json,case_paraphrase_002,mistralai/Mistral-7B-Instruct-v0.3,V-final,0,False
outputs/phase4/n100_expansion/gens/mistralai__Mistral-7B-Instruct-v0.3/case_paraphrase_003.json,case_paraphrase_003,mistralai/Mistral-7B-Instruct-v0.3,V-final,0,False
outputs/phase4/n100_expansion/gens/mistralai__Mistral-7B-Instruct-v0.3/case_paraphrase_004.json,case_paraphrase_004,mistralai/Mistral-7B-Instruct-v0.3,V-final,0,False
outputs/phase4/n100_expansion/gens/mistralai__Mistral-7B-Instruct-v0.3/case_paraphrase_006.json,case_paraphrase_006,mistralai/Mistral-7B-Instruct-v0.3,V-final,0,False
outputs/phase4/n100_expansion/gens/mistralai__Mistral-7B-Instruct-v0.3/case_paraphrase_007.json,case_paraphrase_007,mistralai/Mistral-7B-Instruct-v0.3,V-final,0,False
outputs/phase4/n100_expansion/gens/mistralai__Mistral-7B-Instruct-v0.3/case_paraphrase_008.json,case_paraphrase_008,mistralai/Mistral-7B-Instruct-v0.3,V-final,0,False
outputs/phase4/n100_expansion/gens/mistralai__Mistral-7B-Instruct-v0.3/case_paraphrase_009.json,case_paraphrase_009,mistralai/Mistral-7B-Instruct-v0.3,V-final,0,False
outputs/phase4/n100_expansion/gens/mistralai__Mistral-7B-Instruct-v0.3/case_paraphrase_010.json,case_paraphrase_010,mistralai/Mistral-7B-Instruct-v0.3,V-final,0,False
outputs/phase4/n100_expansion/gens/mistralai__Mistral-7B-Instruct-v0.3/case_paraphrase_012.json,case_paraphrase_012,mistralai/Mistral-7B-Instruct-v0.3,V-final,0,False
outputs/phase4/n100_expansion/gens/mistralai__Mistral-7B-Instruct-v0.3/case_paraphrase_016.json,case_paraphrase_016,mistralai/Mistral-7B-Instruct-v0.3,V-final,0,False
outputs/phase4/n100_expansion/gens/mistralai__Mistral-7B-Instruct-v0.3/case_paraphrase_017.json,case_paraphrase_017,mistralai/Mistral-7B-Instruct-v0.3,V-final,0,False
outputs/phase4/n100_expansion/gens/mistralai__Mistral-7B-Instruct-v0.3/case_paraphrase_018.json,case_paraphrase_018,mistralai/Mistral-7B-Instruct-v0.3,V-final,0,False
outputs/phase4/n100_expansion/gens/mistralai__Mistral-7B-Instruct-v0.3/case_paraphrase_019.json,case_paraphrase_019,mistralai/Mistral-7B-Instruct-v0.3,V-final,0,False
outputs/phase4/n100_expansion/gens/mistralai__Mistral-7B-Instruct-v0.3/case_paraphrase_021.json,case_paraphrase_021,mistralai/Mistral-7B-Instruct-v0.3,V-final,0,False
outputs/phase4/n100_expansion/gens/mistralai__Mistral-7B-Instruct-v0.3/case_paraphrase_022.json,case_paraphrase_022,mistralai/Mistral-7B-Instruct-v0.3,V-final,0,False
outputs/phase4/n100_expansion/gens/mistralai__Mistral-7B-Instruct-v0.3/case_paraphrase_023.json,case_paraphrase_023,mistralai/Mistral-7B-Instruct-v0.3,V-final,0,False
outputs/phase4/n100_expansion/gens/mistralai__Mistral-7B-Instruct-v0.3/case_paraphrase_024.json,case_paraphrase_024,mistralai/Mistral-7B-Instruct-v0.3,V-final,0,False
outputs/phase4/n100_expansion/gens/mistralai__Mistral-7B-Instruct-v0.3/case_paraphrase_025.json,case_paraphrase_025,mistralai/Mistral-7B-Instruct-v0.3,V-final,0,False
outputs/phase4/n100_expansion/gens/mistralai__Mistral-7B-Instruct-v0.3/case_paraphrase_026.json,case_paraphrase_026,mistralai/Mistral-7B-Instruct-v0.3,V-final,0,False
outputs/phase4/n100_expansion/gens/mistralai__Mistral-7B-Instruct-v0.3/case_paraphrase_027.json,case_paraphrase_027,mistralai/Mistral-7B-Instruct-v0.3,V-final,0,False
outputs/phase4/n100_expansion/gens/mistralai__Mistral-7B-Instruct-v0.3/case_paraphrase_028.json,case_paraphrase_028,mistralai/Mistral-7B-Instruct-v0.3,V-final,0,False
outputs/phase4/n100_expansion/gens/mistralai__Mistral-7B-Instruct-v0.3/case_paraphrase_031.json,case_paraphrase_031,mistralai/Mistral-7B-Instruct-v0.3,V-final,0,False
outputs/phase4/n100_expansion/gens/mistralai__Mistral-7B-Instruct-v0.3/case_paraphrase_032.json,case_paraphrase_032,mistralai/Mistral-7B-Instruct-v0.3,V-final,0,False
outputs/phase4/n100_expansion/gens/mistralai__Mistral-7B-Instruct-v0.3/case_paraphrase_033.json,case_paraphrase_033,mistralai/Mistral-7B-Instruct-v0.3,V-final,0,False
outputs/phase4/n100_expansion/gens/mistralai__Mistral-7B-Instruct-v0.3/case_paraphrase_034.json,case_paraphrase_034,mistralai/Mistral-7B-Instruct-v0.3,V-final,0,False
outputs/phase4/n100_expansion/gens/mistralai__Mistral-7B-Instruct-v0.3/case_paraphrase_035.json,case_paraphrase_035,mistralai/Mistral-7B-Instruct-v0.3,V-final,0,False
outputs/phase4/n100_expansion/gens/mistralai__Mistral-7B-Instruct-v0.3/case_trec2021_001.json,case_trec2021_001,mistralai/Mistral-7B-Instruct-v0.3,V-final,0,False
outputs/phase4/n100_expansion/gens/mistralai__Mistral-7B-Instruct-v0.3/case_trec2021_009.json,case_trec2021_009,mistralai/Mistral-7B-Instruct-v0.3,V-final,0,False
outputs/phase4/n100_expansion/gens/mistralai__Mistral-7B-Instruct-v0.3/case_trec2021_013.json,case_trec2021_013,mistralai/Mistral-7B-Instruct-v0.3,V-final,0,False
outputs/phase4/n100_expansion/gens/mistralai__Mistral-7B-Instruct-v0.3/case_trec2021_015.json,case_trec2021_015,mistralai/Mistral-7B-Instruct-v0.3,V-final,0,False
outputs/phase4/n100_expansion/gens/mistralai__Mistral-7B-Instruct-v0.3/case_trec2021_018.json,case_trec2021_018,mistralai/Mistral-7B-Instruct-v0.3,V-final,0,False
outputs/phase4/n100_expansion/gens/mistralai__Mistral-7B-Instruct-v0.3/case_trec2021_019.json,case_trec2021_019,mistralai/Mistral-7B-Instruct-v0.3,V-final,1,False
outputs/phase4/n100_expansion/gens/mistralai__Mistral-7B-Instruct-v0.3/case_trec2021_026.json,case_trec2021_026,mistralai/Mistral-7B-Instruct-v0.3,V-final,0,False
outputs/phase4/n100_expansion/gens/mistralai__Mistral-7B-Instruct-v0.3/case_trec2021_028.json,case_trec2021_028,mistralai/Mistral-7B-Instruct-v0.3,V-final,0,False
outputs/phase4/n100_expansion/gens/mistralai__Mistral-7B-Instruct-v0.3/case_trec2021_031.json,case_trec2021_031,mistralai/Mistral-7B-Instruct-v0.3,V-final,0,False
outputs/phase4/n100_expansion/gens/mistralai__Mistral-7B-Instruct-v0.3/case_trec2021_034.json,case_trec2021_034,mistralai/Mistral-7B-Instruct-v0.3,V-final,0,False
outputs/phase4/n100_expansion/gens/mistralai__Mistral-7B-Instruct-v0.3/case_trec2021_035.json,case_trec2021_035,mistralai/Mistral-7B-Instruct-v0.3,V-final,0,False
outputs/phase4/n100_expansion/gens/mistralai__Mistral-7B-Instruct-v0.3/case_trec2021_042.json,case_trec2021_042,mistralai/Mistral-7B-Instruct-v0.3,V-final,0,False
outputs/phase4/n100_expansion/gens/mistralai__Mistral-7B-Instruct-v0.3/case_trec2021_047.json,case_trec2021_047,mistralai/Mistral-7B-Instruct-v0.3,V-final,0,False
outputs/phase4/n100_expansion/gens/mistralai__Mistral-7B-Instruct-v0.3/case_trec2021_048.json,case_trec2021_048,mistralai/Mistral-7B-Instruct-v0.3,V-final,0,False
outputs/phase4/n100_expansion/gens/mistralai__Mistral-7B-Instruct-v0.3/case_trec2021_049.json,case_trec2021_049,mistralai/Mistral-7B-Instruct-v0.3,V-final,0,False
outputs/phase4/n100_expansion/gens/mistralai__Mistral-7B-Instruct-v0.3/case_trec2021_050.json,case_trec2021_050,mistralai/Mistral-7B-Instruct-v0.3,V-final,0,False
outputs/phase4/n100_expansion/gens/mistralai__Mistral-7B-Instruct-v0.3/case_trec2021_053.json,case_trec2021_053,mistralai/Mistral-7B-Instruct-v0.3,V-final,0,False
outputs/phase4/n100_expansion/gens/mistralai__Mistral-7B-Instruct-v0.3/case_trec2021_056.json,case_trec2021_056,mistralai/Mistral-7B-Instruct-v0.3,V-final,0,False
outputs/phase4/n100_expansion/gens/mistralai__Mistral-7B-Instruct-v0.3/case_trec2021_057.json,case_trec2021_057,mistralai/Mistral-7B-Instruct-v0.3,V-final,0,False
outputs/phase4/n100_expansion/gens/mistralai__Mistral-7B-Instruct-v0.3/case_trec2021_058.json,case_trec2021_058,mistralai/Mistral-7B-Instruct-v0.3,V-final,0,False
outputs/phase4/n100_expansion/gens/mistralai__Mistral-7B-Instruct-v0.3/case_trec2021_061.json,case_trec2021_061,mistralai/Mistral-7B-Instruct-v0.3,V-final,0,False
outputs/phase4/n100_expansion/gens/mistralai__Mistral-7B-Instruct-v0.3/case_trec2021_070.json,case_trec2021_070,mistralai/Mistral-7B-Instruct-v0.3,V-final,0,False
outputs/phase4/n100_expansion/gens/mistralai__Mistral-7B-Instruct-v0.3/case_trec2021_073.json,case_trec2021_073,mistralai/Mistral-7B-Instruct-v0.3,V-final,0,False
outputs/phase4/n100_expansion/gens/mistralai__Mistral-7B-Instruct-v0.3/case_trec2022_003.json,case_trec2022_003,mistralai/Mistral-7B-Instruct-v0.3,V-final,2,False
outputs/phase4/n100_expansion/gens/mistralai__Mistral-7B-Instruct-v0.3/case_trec2022_004.json,case_trec2022_004,mistralai/Mistral-7B-Instruct-v0.3,V-final,0,False
outputs/phase4/n100_expansion/gens/mistralai__Mistral-7B-Instruct-v0.3/case_trec2022_006.json,case_trec2022_006,mistralai/Mistral-7B-Instruct-v0.3,V-final,0,False
outputs/phase4/n100_expansion/gens/mistralai__Mistral-7B-Instruct-v0.3/case_trec2022_007.json,case_trec2022_007,mistralai/Mistral-7B-Instruct-v0.3,V-final,0,False
outputs/phase4/n100_expansion/gens/mistralai__Mistral-7B-Instruct-v0.3/case_trec2022_008.json,case_trec2022_008,mistralai/Mistral-7B-Instruct-v0.3,V-final,0,False
outputs/phase4/n100_expansion/gens/mistralai__Mistral-7B-Instruct-v0.3/case_trec2022_009.json,case_trec2022_009,mistralai/Mistral-7B-Instruct-v0.3,V-final,0,False
outputs/phase4/n100_expansion/gens/mistralai__Mistral-7B-Instruct-v0.3/case_trec2022_012.json,case_trec2022_012,mistralai/Mistral-7B-Instruct-v0.3,V-final,0,False
outputs/phase4/n100_expansion/gens/mistralai__Mistral-7B-Instruct-v0.3/case_trec2022_013.json,case_trec2022_013,mistralai/Mistral-7B-Instruct-v0.3,V-final,0,False
outputs/phase4/n100_expansion/gens/mistralai__Mistral-7B-Instruct-v0.3/case_trec2022_014.json,case_trec2022_014,mistralai/Mistral-7B-Instruct-v0.3,V-final,0,False
outputs/phase4/n100_expansion/gens/mistralai__Mistral-7B-Instruct-v0.3/case_trec2022_016.json,case_trec2022_016,mistralai/Mistral-7B-Instruct-v0.3,V-final,0,False
outputs/phase4/n100_expansion/gens/mistralai__Mistral-7B-Instruct-v0.3/case_trec2022_018.json,case_trec2022_018,mistralai/Mistral-7B-Instruct-v0.3,V-final,0,False
outputs/phase4/n100_expansion/gens/mistralai__Mistral-7B-Instruct-v0.3/case_trec2022_020.json,case_trec2022_020,mistralai/Mistral-7B-Instruct-v0.3,V-final,0,False
outputs/phase4/n100_expansion/gens/mistralai__Mistral-7B-Instruct-v0.3/case_trec2022_021.json,case_trec2022_021,mistralai/Mistral-7B-Instruct-v0.3,V-final,0,False
outputs/phase4/n100_expansion/gens/mistralai__Mistral-7B-Instruct-v0.3/case_trec2022_023.json,case_trec2022_023,mistralai/Mistral-7B-Instruct-v0.3,V-final,0,False
outputs/phase4/n100_expansion/gens/mistralai__Mistral-7B-Instruct-v0.3/case_trec2022_024.json,case_trec2022_024,mistralai/Mistral-7B-Instruct-v0.3,V-final,1,False
outputs/phase4/n100_expansion/gens/mistralai__Mistral-7B-Instruct-v0.3/case_trec2022_026.json,case_trec2022_026,mistralai/Mistral-7B-Instruct-v0.3,V-final,0,False
outputs/phase4/n100_expansion/gens/mistralai__Mistral-7B-Instruct-v0.3/case_trec2022_027.json,case_trec2022_027,mistralai/Mistral-7B-Instruct-v0.3,V-final,0,False
outputs/phase4/n100_expansion/gens/mistralai__Mistral-7B-Instruct-v0.3/case_trec2022_030.json,case_trec2022_030,mistralai/Mistral-7B-Instruct-v0.3,V-final,0,False
outputs/phase4/n100_expansion/gens/mistralai__Mistral-7B-Instruct-v0.3/case_trec2022_032.json,case_trec2022_032,mistralai/Mistral-7B-Instruct-v0.3,V-final,0,False
outputs/phase4/n100_expansion/gens/mistralai__Mistral-7B-Instruct-v0.3/case_trec2022_033.json,case_trec2022_033,mistralai/Mistral-7B-Instruct-v0.3,V-final,0,False
outputs/phase4/n100_expansion/gens/mistralai__Mistral-7B-Instruct-v0.3/case_trec2022_037.json,case_trec2022_037,mistralai/Mistral-7B-Instruct-v0.3,V-final,0,False
outputs/phase4/n100_expansion/gens/mistralai__Mistral-7B-Instruct-v0.3/case_trec2022_041.json,case_trec2022_041,mistralai/Mistral-7B-Instruct-v0.3,V-final,0,False
outputs/phase4/n100_expansion/gens/mistralai__Mistral-7B-Instruct-v0.3/case_trec2022_047.json,case_trec2022_047,mistralai/Mistral-7B-Instruct-v0.3,V-final,0,False
outputs/phase4/n100_expansion/gens/mistralai__Mistral-7B-Instruct-v0.3/case_trec2022_048.json,case_trec2022_048,mistralai/Mistral-7B-Instruct-v0.3,V-final,0,False
outputs/phase4/n100_expansion/gens/mistralai__Mistral-7B-Instruct-v0.3/case_trec2022_050.json,case_trec2022_050,mistralai/Mistral-7B-Instruct-v0.3,V-final,0,False
outputs/phase4/zeroshot_baseline/gens/claude-sonnet-4-5-20250929/case_01.json,case_01,claude-sonnet-4-5-20250929,V-final,4,False
outputs/phase4/zeroshot_baseline/gens/claude-sonnet-4-5-20250929/case_02.json,case_02,claude-sonnet-4-5-20250929,V-final,3,False
outputs/phase4/zeroshot_baseline/gens/claude-sonnet-4-5-20250929/case_03.json,case_03,claude-sonnet-4-5-20250929,V-final,3,False
outputs/phase4/zeroshot_baseline/gens/claude-sonnet-4-5-20250929/case_04.json,case_04,claude-sonnet-4-5-20250929,V-final,4,False
outputs/phase4/zeroshot_baseline/gens/claude-sonnet-4-5-20250929/case_05.json,case_05,claude-sonnet-4-5-20250929,V-final,1,False
outputs/phase4/zeroshot_baseline/gens/claude-sonnet-4-5-20250929/case_06.json,case_06,claude-sonnet-4-5-20250929,V-final,2,False
outputs/phase4/zeroshot_baseline/gens/claude-sonnet-4-5-20250929/case_07.json,case_07,claude-sonnet-4-5-20250929,V-final,4,False
outputs/phase4/zeroshot_baseline/gens/claude-sonnet-4-5-20250929/case_08.json,case_08,claude-sonnet-4-5-20250929,V-final,0,False
outputs/phase4/zeroshot_baseline/gens/claude-sonnet-4-5-20250929/case_09.json,case_09,claude-sonnet-4-5-20250929,V-final,3,False
outputs/phase4/zeroshot_baseline/gens/claude-sonnet-4-5-20250929/case_10.json,case_10,claude-sonnet-4-5-20250929,V-final,1,False
outputs/phase4/zeroshot_baseline/gens/claude-sonnet-4-5-20250929/case_11.json,case_11,claude-sonnet-4-5-20250929,V-final,3,False
outputs/phase4/zeroshot_baseline/gens/claude-sonnet-4-5-20250929/case_12.json,case_12,claude-sonnet-4-5-20250929,V-final,2,False
outputs/phase4/zeroshot_baseline/gens/claude-sonnet-4-5-20250929/case_13.json,case_13,claude-sonnet-4-5-20250929,V-final,4,False
outputs/phase4/zeroshot_baseline/gens/claude-sonnet-4-5-20250929/case_14.json,case_14,claude-sonnet-4-5-20250929,V-final,0,False
outputs/phase4/zeroshot_baseline/gens/claude-sonnet-4-5-20250929/case_15.json,case_15,claude-sonnet-4-5-20250929,V-final,1,False
outputs/phase4/zeroshot_baseline/gens/claude-sonnet-4-5-20250929/case_paraphrase_001.json,case_paraphrase_001,claude-sonnet-4-5-20250929,V-final,3,False
outputs/phase4/zeroshot_baseline/gens/claude-sonnet-4-5-20250929/case_paraphrase_002.json,case_paraphrase_002,claude-sonnet-4-5-20250929,V-final,1,False
outputs/phase4/zeroshot_baseline/gens/claude-sonnet-4-5-20250929/case_paraphrase_003.json,case_paraphrase_003,claude-sonnet-4-5-20250929,V-final,1,False
outputs/phase4/zeroshot_baseline/gens/claude-sonnet-4-5-20250929/case_paraphrase_004.json,case_paraphrase_004,claude-sonnet-4-5-20250929,V-final,2,False
outputs/phase4/zeroshot_baseline/gens/claude-sonnet-4-5-20250929/case_paraphrase_005.json,case_paraphrase_005,claude-sonnet-4-5-20250929,V-final,1,False
outputs/phase4/zeroshot_baseline/gens/claude-sonnet-4-5-20250929/case_paraphrase_006.json,case_paraphrase_006,claude-sonnet-4-5-20250929,V-final,0,False
outputs/phase4/zeroshot_baseline/gens/claude-sonnet-4-5-20250929/case_paraphrase_007.json,case_paraphrase_007,claude-sonnet-4-5-20250929,V-final,3,False
outputs/phase4/zeroshot_baseline/gens/claude-sonnet-4-5-20250929/case_paraphrase_008.json,case_paraphrase_008,claude-sonnet-4-5-20250929,V-final,1,False
outputs/phase4/zeroshot_baseline/gens/claude-sonnet-4-5-20250929/case_paraphrase_009.json,case_paraphrase_009,claude-sonnet-4-5-20250929,V-final,2,False
outputs/phase4/zeroshot_baseline/gens/claude-sonnet-4-5-20250929/case_paraphrase_010.json,case_paraphrase_010,claude-sonnet-4-5-20250929,V-final,3,False
outputs/phase4/zeroshot_baseline/gens/claude-sonnet-4-5-20250929/case_paraphrase_011.json,case_paraphrase_011,claude-sonnet-4-5-20250929,V-final,2,False
outputs/phase4/zeroshot_baseline/gens/claude-sonnet-4-5-20250929/case_paraphrase_012.json,case_paraphrase_012,claude-sonnet-4-5-20250929,V-final,2,False
outputs/phase4/zeroshot_baseline/gens/claude-sonnet-4-5-20250929/case_paraphrase_013.json,case_paraphrase_013,claude-sonnet-4-5-20250929,V-final,4,False
outputs/phase4/zeroshot_baseline/gens/claude-sonnet-4-5-20250929/case_paraphrase_014.json,case_paraphrase_014,claude-sonnet-4-5-20250929,V-final,8,False
outputs/phase4/zeroshot_baseline/gens/claude-sonnet-4-5-20250929/case_paraphrase_015.json,case_paraphrase_015,claude-sonnet-4-5-20250929,V-final,6,False
outputs/phase4/zeroshot_baseline/gens/claude-sonnet-4-5-20250929/case_paraphrase_016.json,case_paraphrase_016,claude-sonnet-4-5-20250929,V-final,2,False
outputs/phase4/zeroshot_baseline/gens/claude-sonnet-4-5-20250929/case_paraphrase_017.json,case_paraphrase_017,claude-sonnet-4-5-20250929,V-final,2,False
outputs/phase4/zeroshot_baseline/gens/claude-sonnet-4-5-20250929/case_paraphrase_018.json,case_paraphrase_018,claude-sonnet-4-5-20250929,V-final,3,False
outputs/phase4/zeroshot_baseline/gens/claude-sonnet-4-5-20250929/case_paraphrase_019.json,case_paraphrase_019,claude-sonnet-4-5-20250929,V-final,1,False
outputs/phase4/zeroshot_baseline/gens/claude-sonnet-4-5-20250929/case_paraphrase_020.json,case_paraphrase_020,claude-sonnet-4-5-20250929,V-final,1,False
outputs/phase4/zeroshot_baseline/gens/claude-sonnet-4-5-20250929/case_paraphrase_021.json,case_paraphrase_021,claude-sonnet-4-5-20250929,V-final,2,False
outputs/phase4/zeroshot_baseline/gens/claude-sonnet-4-5-20250929/case_paraphrase_022.json,case_paraphrase_022,claude-sonnet-4-5-20250929,V-final,1,False
outputs/phase4/zeroshot_baseline/gens/claude-sonnet-4-5-20250929/case_paraphrase_023.json,case_paraphrase_023,claude-sonnet-4-5-20250929,V-final,5,False
outputs/phase4/zeroshot_baseline/gens/claude-sonnet-4-5-20250929/case_paraphrase_024.json,case_paraphrase_024,claude-sonnet-4-5-20250929,V-final,6,False
outputs/phase4/zeroshot_baseline/gens/claude-sonnet-4-5-20250929/case_paraphrase_025.json,case_paraphrase_025,claude-sonnet-4-5-20250929,V-final,8,False
outputs/phase4/zeroshot_baseline/gens/claude-sonnet-4-5-20250929/case_paraphrase_026.json,case_paraphrase_026,claude-sonnet-4-5-20250929,V-final,2,False
outputs/phase4/zeroshot_baseline/gens/claude-sonnet-4-5-20250929/case_paraphrase_027.json,case_paraphrase_027,claude-sonnet-4-5-20250929,V-final,1,False
outputs/phase4/zeroshot_baseline/gens/claude-sonnet-4-5-20250929/case_paraphrase_028.json,case_paraphrase_028,claude-sonnet-4-5-20250929,V-final,0,False
outputs/phase4/zeroshot_baseline/gens/claude-sonnet-4-5-20250929/case_paraphrase_029.json,case_paraphrase_029,claude-sonnet-4-5-20250929,V-final,5,False
outputs/phase4/zeroshot_baseline/gens/claude-sonnet-4-5-20250929/case_paraphrase_030.json,case_paraphrase_030,claude-sonnet-4-5-20250929,V-final,2,False
outputs/phase4/zeroshot_baseline/gens/claude-sonnet-4-5-20250929/case_paraphrase_031.json,case_paraphrase_031,claude-sonnet-4-5-20250929,V-final,0,False
outputs/phase4/zeroshot_baseline/gens/claude-sonnet-4-5-20250929/case_paraphrase_032.json,case_paraphrase_032,claude-sonnet-4-5-20250929,V-final,0,False
outputs/phase4/zeroshot_baseline/gens/claude-sonnet-4-5-20250929/case_paraphrase_033.json,case_paraphrase_033,claude-sonnet-4-5-20250929,V-final,1,False
outputs/phase4/zeroshot_baseline/gens/claude-sonnet-4-5-20250929/case_paraphrase_034.json,case_paraphrase_034,claude-sonnet-4-5-20250929,V-final,1,False
outputs/phase4/zeroshot_baseline/gens/claude-sonnet-4-5-20250929/case_paraphrase_035.json,case_paraphrase_035,claude-sonnet-4-5-20250929,V-final,0,False
outputs/phase4/zeroshot_baseline/gens/claude-sonnet-4-5-20250929/case_trec2021_001.json,case_trec2021_001,claude-sonnet-4-5-20250929,V-final,4,False
outputs/phase4/zeroshot_baseline/gens/claude-sonnet-4-5-20250929/case_trec2021_008.json,case_trec2021_008,claude-sonnet-4-5-20250929,V-final,1,False
outputs/phase4/zeroshot_baseline/gens/claude-sonnet-4-5-20250929/case_trec2021_009.json,case_trec2021_009,claude-sonnet-4-5-20250929,V-final,2,False
outputs/phase4/zeroshot_baseline/gens/claude-sonnet-4-5-20250929/case_trec2021_012.json,case_trec2021_012,claude-sonnet-4-5-20250929,V-final,2,False
outputs/phase4/zeroshot_baseline/gens/claude-sonnet-4-5-20250929/case_trec2021_013.json,case_trec2021_013,claude-sonnet-4-5-20250929,V-final,1,False
outputs/phase4/zeroshot_baseline/gens/claude-sonnet-4-5-20250929/case_trec2021_015.json,case_trec2021_015,claude-sonnet-4-5-20250929,V-final,4,False
outputs/phase4/zeroshot_baseline/gens/claude-sonnet-4-5-20250929/case_trec2021_018.json,case_trec2021_018,claude-sonnet-4-5-20250929,V-final,5,False
outputs/phase4/zeroshot_baseline/gens/claude-sonnet-4-5-20250929/case_trec2021_019.json,case_trec2021_019,claude-sonnet-4-5-20250929,V-final,2,False
outputs/phase4/zeroshot_baseline/gens/claude-sonnet-4-5-20250929/case_trec2021_022.json,case_trec2021_022,claude-sonnet-4-5-20250929,V-final,4,False
outputs/phase4/zeroshot_baseline/gens/claude-sonnet-4-5-20250929/case_trec2021_025.json,case_trec2021_025,claude-sonnet-4-5-20250929,V-final,4,False
outputs/phase4/zeroshot_baseline/gens/claude-sonnet-4-5-20250929/case_trec2021_026.json,case_trec2021_026,claude-sonnet-4-5-20250929,V-final,3,False
outputs/phase4/zeroshot_baseline/gens/claude-sonnet-4-5-20250929/case_trec2021_028.json,case_trec2021_028,claude-sonnet-4-5-20250929,V-final,2,False
outputs/phase4/zeroshot_baseline/gens/claude-sonnet-4-5-20250929/case_trec2021_031.json,case_trec2021_031,claude-sonnet-4-5-20250929,V-final,2,False
outputs/phase4/zeroshot_baseline/gens/claude-sonnet-4-5-20250929/case_trec2021_033.json,case_trec2021_033,claude-sonnet-4-5-20250929,V-final,0,False
outputs/phase4/zeroshot_baseline/gens/claude-sonnet-4-5-20250929/case_trec2021_034.json,case_trec2021_034,claude-sonnet-4-5-20250929,V-final,1,False
outputs/phase4/zeroshot_baseline/gens/claude-sonnet-4-5-20250929/case_trec2021_035.json,case_trec2021_035,claude-sonnet-4-5-20250929,V-final,5,False
outputs/phase4/zeroshot_baseline/gens/claude-sonnet-4-5-20250929/case_trec2021_036.json,case_trec2021_036,claude-sonnet-4-5-20250929,V-final,0,False
outputs/phase4/zeroshot_baseline/gens/claude-sonnet-4-5-20250929/case_trec2021_042.json,case_trec2021_042,claude-sonnet-4-5-20250929,V-final,0,False
outputs/phase4/zeroshot_baseline/gens/claude-sonnet-4-5-20250929/case_trec2021_044.json,case_trec2021_044,claude-sonnet-4-5-20250929,V-final,0,False
outputs/phase4/zeroshot_baseline/gens/claude-sonnet-4-5-20250929/case_trec2021_047.json,case_trec2021_047,claude-sonnet-4-5-20250929,V-final,2,False
outputs/phase4/zeroshot_baseline/gens/claude-sonnet-4-5-20250929/case_trec2021_048.json,case_trec2021_048,claude-sonnet-4-5-20250929,V-final,0,False
outputs/phase4/zeroshot_baseline/gens/claude-sonnet-4-5-20250929/case_trec2021_049.json,case_trec2021_049,claude-sonnet-4-5-20250929,V-final,3,False
outputs/phase4/zeroshot_baseline/gens/claude-sonnet-4-5-20250929/case_trec2021_050.json,case_trec2021_050,claude-sonnet-4-5-20250929,V-final,0,False
outputs/phase4/zeroshot_baseline/gens/claude-sonnet-4-5-20250929/case_trec2021_053.json,case_trec2021_053,claude-sonnet-4-5-20250929,V-final,0,False
outputs/phase4/zeroshot_baseline/gens/claude-sonnet-4-5-20250929/case_trec2021_056.json,case_trec2021_056,claude-sonnet-4-5-20250929,V-final,2,True
outputs/phase4/zeroshot_baseline/gens/claude-sonnet-4-5-20250929/case_trec2021_057.json,case_trec2021_057,claude-sonnet-4-5-20250929,V-final,0,False
outputs/phase4/zeroshot_baseline/gens/claude-sonnet-4-5-20250929/case_trec2021_058.json,case_trec2021_058,claude-sonnet-4-5-20250929,V-final,5,False
outputs/phase4/zeroshot_baseline/gens/claude-sonnet-4-5-20250929/case_trec2021_059.json,case_trec2021_059,claude-sonnet-4-5-20250929,V-final,1,False
outputs/phase4/zeroshot_baseline/gens/claude-sonnet-4-5-20250929/case_trec2021_061.json,case_trec2021_061,claude-sonnet-4-5-20250929,V-final,2,False
outputs/phase4/zeroshot_baseline/gens/claude-sonnet-4-5-20250929/case_trec2021_065.json,case_trec2021_065,claude-sonnet-4-5-20250929,V-final,0,False
outputs/phase4/zeroshot_baseline/gens/claude-sonnet-4-5-20250929/case_trec2021_070.json,case_trec2021_070,claude-sonnet-4-5-20250929,V-final,2,False
outputs/phase4/zeroshot_baseline/gens/claude-sonnet-4-5-20250929/case_trec2021_073.json,case_trec2021_073,claude-sonnet-4-5-20250929,V-final,2,False
outputs/phase4/zeroshot_baseline/gens/claude-sonnet-4-5-20250929/case_trec2022_002.json,case_trec2022_002,claude-sonnet-4-5-20250929,V-final,5,False
outputs/phase4/zeroshot_baseline/gens/claude-sonnet-4-5-20250929/case_trec2022_003.json,case_trec2022_003,claude-sonnet-4-5-20250929,V-final,0,False
outputs/phase4/zeroshot_baseline/gens/claude-sonnet-4-5-20250929/case_trec2022_004.json,case_trec2022_004,claude-sonnet-4-5-20250929,V-final,6,False
outputs/phase4/zeroshot_baseline/gens/claude-sonnet-4-5-20250929/case_trec2022_005.json,case_trec2022_005,claude-sonnet-4-5-20250929,V-final,3,False
outputs/phase4/zeroshot_baseline/gens/claude-sonnet-4-5-20250929/case_trec2022_006.json,case_trec2022_006,claude-sonnet-4-5-20250929,V-final,3,False
outputs/phase4/zeroshot_baseline/gens/claude-sonnet-4-5-20250929/case_trec2022_007.json,case_trec2022_007,claude-sonnet-4-5-20250929,V-final,1,False
outputs/phase4/zeroshot_baseline/gens/claude-sonnet-4-5-20250929/case_trec2022_008.json,case_trec2022_008,claude-sonnet-4-5-20250929,V-final,3,False
outputs/phase4/zeroshot_baseline/gens/claude-sonnet-4-5-20250929/case_trec2022_009.json,case_trec2022_009,claude-sonnet-4-5-20250929,V-final,1,False
outputs/phase4/zeroshot_baseline/gens/claude-sonnet-4-5-20250929/case_trec2022_012.json,case_trec2022_012,claude-sonnet-4-5-20250929,V-final,2,False
outputs/phase4/zeroshot_baseline/gens/claude-sonnet-4-5-20250929/case_trec2022_013.json,case_trec2022_013,claude-sonnet-4-5-20250929,V-final,3,False
outputs/phase4/zeroshot_baseline/gens/claude-sonnet-4-5-20250929/case_trec2022_014.json,case_trec2022_014,claude-sonnet-4-5-20250929,V-final,4,False
outputs/phase4/zeroshot_baseline/gens/claude-sonnet-4-5-20250929/case_trec2022_016.json,case_trec2022_016,claude-sonnet-4-5-20250929,V-final,1,False
outputs/phase4/zeroshot_baseline/gens/claude-sonnet-4-5-20250929/case_trec2022_018.json,case_trec2022_018,claude-sonnet-4-5-20250929,V-final,3,False
outputs/phase4/zeroshot_baseline/gens/claude-sonnet-4-5-20250929/case_trec2022_020.json,case_trec2022_020,claude-sonnet-4-5-20250929,V-final,5,False
outputs/phase4/zeroshot_baseline/gens/claude-sonnet-4-5-20250929/case_trec2022_021.json,case_trec2022_021,claude-sonnet-4-5-20250929,V-final,2,False
outputs/phase4/zeroshot_baseline/gens/claude-sonnet-4-5-20250929/case_trec2022_023.json,case_trec2022_023,claude-sonnet-4-5-20250929,V-final,1,False
outputs/phase4/zeroshot_baseline/gens/claude-sonnet-4-5-20250929/case_trec2022_024.json,case_trec2022_024,claude-sonnet-4-5-20250929,V-final,1,False
outputs/phase4/zeroshot_baseline/gens/claude-sonnet-4-5-20250929/case_trec2022_026.json,case_trec2022_026,claude-sonnet-4-5-20250929,V-final,0,False
outputs/phase4/zeroshot_baseline/gens/claude-sonnet-4-5-20250929/case_trec2022_027.json,case_trec2022_027,claude-sonnet-4-5-20250929,V-final,6,False
outputs/phase4/zeroshot_baseline/gens/claude-sonnet-4-5-20250929/case_trec2022_030.json,case_trec2022_030,claude-sonnet-4-5-20250929,V-final,3,False
outputs/phase4/zeroshot_baseline/gens/claude-sonnet-4-5-20250929/case_trec2022_031.json,case_trec2022_031,claude-sonnet-4-5-20250929,V-final,2,False
outputs/phase4/zeroshot_baseline/gens/claude-sonnet-4-5-20250929/case_trec2022_032.json,case_trec2022_032,claude-sonnet-4-5-20250929,V-final,7,False
outputs/phase4/zeroshot_baseline/gens/claude-sonnet-4-5-20250929/case_trec2022_033.json,case_trec2022_033,claude-sonnet-4-5-20250929,V-final,0,False
outputs/phase4/zeroshot_baseline/gens/claude-sonnet-4-5-20250929/case_trec2022_034.json,case_trec2022_034,claude-sonnet-4-5-20250929,V-final,5,False
outputs/phase4/zeroshot_baseline/gens/claude-sonnet-4-5-20250929/case_trec2022_037.json,case_trec2022_037,claude-sonnet-4-5-20250929,V-final,0,False
outputs/phase4/zeroshot_baseline/gens/claude-sonnet-4-5-20250929/case_trec2022_041.json,case_trec2022_041,claude-sonnet-4-5-20250929,V-final,0,False
outputs/phase4/zeroshot_baseline/gens/claude-sonnet-4-5-20250929/case_trec2022_042.json,case_trec2022_042,claude-sonnet-4-5-20250929,V-final,0,False
outputs/phase4/zeroshot_baseline/gens/claude-sonnet-4-5-20250929/case_trec2022_045.json,case_trec2022_045,claude-sonnet-4-5-20250929,V-final,1,False
outputs/phase4/zeroshot_baseline/gens/claude-sonnet-4-5-20250929/case_trec2022_046.json,case_trec2022_046,claude-sonnet-4-5-20250929,V-final,1,False
outputs/phase4/zeroshot_baseline/gens/claude-sonnet-4-5-20250929/case_trec2022_047.json,case_trec2022_047,claude-sonnet-4-5-20250929,V-final,2,False
outputs/phase4/zeroshot_baseline/gens/claude-sonnet-4-5-20250929/case_trec2022_048.json,case_trec2022_048,claude-sonnet-4-5-20250929,V-final,6,False
outputs/phase4/zeroshot_baseline/gens/claude-sonnet-4-5-20250929/case_trec2022_050.json,case_trec2022_050,claude-sonnet-4-5-20250929,V-final,1,False
outputs/phase4/zeroshot_baseline/gens/gpt-4o/case_01.json,case_01,gpt-4o,V-final,1,False
outputs/phase4/zeroshot_baseline/gens/gpt-4o/case_02.json,case_02,gpt-4o,V-final,1,False
outputs/phase4/zeroshot_baseline/gens/gpt-4o/case_03.json,case_03,gpt-4o,V-final,1,False
outputs/phase4/zeroshot_baseline/gens/gpt-4o/case_04.json,case_04,gpt-4o,V-final,3,False
outputs/phase4/zeroshot_baseline/gens/gpt-4o/case_05.json,case_05,gpt-4o,V-final,2,False
outputs/phase4/zeroshot_baseline/gens/gpt-4o/case_06.json,case_06,gpt-4o,V-final,2,False
outputs/phase4/zeroshot_baseline/gens/gpt-4o/case_07.json,case_07,gpt-4o,V-final,0,False
outputs/phase4/zeroshot_baseline/gens/gpt-4o/case_08.json,case_08,gpt-4o,V-final,0,False
outputs/phase4/zeroshot_baseline/gens/gpt-4o/case_09.json,case_09,gpt-4o,V-final,1,False
outputs/phase4/zeroshot_baseline/gens/gpt-4o/case_10.json,case_10,gpt-4o,V-final,0,False
outputs/phase4/zeroshot_baseline/gens/gpt-4o/case_11.json,case_11,gpt-4o,V-final,1,False
outputs/phase4/zeroshot_baseline/gens/gpt-4o/case_12.json,case_12,gpt-4o,V-final,2,False
outputs/phase4/zeroshot_baseline/gens/gpt-4o/case_13.json,case_13,gpt-4o,V-final,2,False
outputs/phase4/zeroshot_baseline/gens/gpt-4o/case_14.json,case_14,gpt-4o,V-final,0,False
outputs/phase4/zeroshot_baseline/gens/gpt-4o/case_15.json,case_15,gpt-4o,V-final,0,False
outputs/phase4/zeroshot_baseline/gens/gpt-4o/case_paraphrase_001.json,case_paraphrase_001,gpt-4o,V-final,1,False
outputs/phase4/zeroshot_baseline/gens/gpt-4o/case_paraphrase_002.json,case_paraphrase_002,gpt-4o,V-final,1,False
outputs/phase4/zeroshot_baseline/gens/gpt-4o/case_paraphrase_003.json,case_paraphrase_003,gpt-4o,V-final,0,False
outputs/phase4/zeroshot_baseline/gens/gpt-4o/case_paraphrase_004.json,case_paraphrase_004,gpt-4o,V-final,0,False
outputs/phase4/zeroshot_baseline/gens/gpt-4o/case_paraphrase_005.json,case_paraphrase_005,gpt-4o,V-final,2,False
outputs/phase4/zeroshot_baseline/gens/gpt-4o/case_paraphrase_006.json,case_paraphrase_006,gpt-4o,V-final,0,False
outputs/phase4/zeroshot_baseline/gens/gpt-4o/case_paraphrase_007.json,case_paraphrase_007,gpt-4o,V-final,1,False
outputs/phase4/zeroshot_baseline/gens/gpt-4o/case_paraphrase_008.json,case_paraphrase_008,gpt-4o,V-final,2,False
outputs/phase4/zeroshot_baseline/gens/gpt-4o/case_paraphrase_009.json,case_paraphrase_009,gpt-4o,V-final,0,False
outputs/phase4/zeroshot_baseline/gens/gpt-4o/case_paraphrase_010.json,case_paraphrase_010,gpt-4o,V-final,0,False
outputs/phase4/zeroshot_baseline/gens/gpt-4o/case_paraphrase_011.json,case_paraphrase_011,gpt-4o,V-final,1,False
outputs/phase4/zeroshot_baseline/gens/gpt-4o/case_paraphrase_012.json,case_paraphrase_012,gpt-4o,V-final,1,False
outputs/phase4/zeroshot_baseline/gens/gpt-4o/case_paraphrase_013.json,case_paraphrase_013,gpt-4o,V-final,1,False
outputs/phase4/zeroshot_baseline/gens/gpt-4o/case_paraphrase_014.json,case_paraphrase_014,gpt-4o,V-final,3,False
outputs/phase4/zeroshot_baseline/gens/gpt-4o/case_paraphrase_015.json,case_paraphrase_015,gpt-4o,V-final,1,False
outputs/phase4/zeroshot_baseline/gens/gpt-4o/case_paraphrase_016.json,case_paraphrase_016,gpt-4o,V-final,0,False
outputs/phase4/zeroshot_baseline/gens/gpt-4o/case_paraphrase_017.json,case_paraphrase_017,gpt-4o,V-final,0,False
outputs/phase4/zeroshot_baseline/gens/gpt-4o/case_paraphrase_018.json,case_paraphrase_018,gpt-4o,V-final,1,False
outputs/phase4/zeroshot_baseline/gens/gpt-4o/case_paraphrase_019.json,case_paraphrase_019,gpt-4o,V-final,1,False
outputs/phase4/zeroshot_baseline/gens/gpt-4o/case_paraphrase_020.json,case_paraphrase_020,gpt-4o,V-final,2,False
outputs/phase4/zeroshot_baseline/gens/gpt-4o/case_paraphrase_021.json,case_paraphrase_021,gpt-4o,V-final,2,False
outputs/phase4/zeroshot_baseline/gens/gpt-4o/case_paraphrase_022.json,case_paraphrase_022,gpt-4o,V-final,4,False
outputs/phase4/zeroshot_baseline/gens/gpt-4o/case_paraphrase_023.json,case_paraphrase_023,gpt-4o,V-final,3,False
outputs/phase4/zeroshot_baseline/gens/gpt-4o/case_paraphrase_024.json,case_paraphrase_024,gpt-4o,V-final,4,False
outputs/phase4/zeroshot_baseline/gens/gpt-4o/case_paraphrase_025.json,case_paraphrase_025,gpt-4o,V-final,1,False
outputs/phase4/zeroshot_baseline/gens/gpt-4o/case_paraphrase_026.json,case_paraphrase_026,gpt-4o,V-final,0,False
outputs/phase4/zeroshot_baseline/gens/gpt-4o/case_paraphrase_027.json,case_paraphrase_027,gpt-4o,V-final,2,False
outputs/phase4/zeroshot_baseline/gens/gpt-4o/case_paraphrase_028.json,case_paraphrase_028,gpt-4o,V-final,0,False
outputs/phase4/zeroshot_baseline/gens/gpt-4o/case_paraphrase_029.json,case_paraphrase_029,gpt-4o,V-final,2,False
outputs/phase4/zeroshot_baseline/gens/gpt-4o/case_paraphrase_030.json,case_paraphrase_030,gpt-4o,V-final,2,False
outputs/phase4/zeroshot_baseline/gens/gpt-4o/case_paraphrase_031.json,case_paraphrase_031,gpt-4o,V-final,0,False
outputs/phase4/zeroshot_baseline/gens/gpt-4o/case_paraphrase_032.json,case_paraphrase_032,gpt-4o,V-final,0,False
outputs/phase4/zeroshot_baseline/gens/gpt-4o/case_paraphrase_033.json,case_paraphrase_033,gpt-4o,V-final,1,False
outputs/phase4/zeroshot_baseline/gens/gpt-4o/case_paraphrase_034.json,case_paraphrase_034,gpt-4o,V-final,0,False
outputs/phase4/zeroshot_baseline/gens/gpt-4o/case_paraphrase_035.json,case_paraphrase_035,gpt-4o,V-final,0,False
outputs/phase4/zeroshot_baseline/gens/gpt-4o/case_trec2021_001.json,case_trec2021_001,gpt-4o,V-final,1,False
outputs/phase4/zeroshot_baseline/gens/gpt-4o/case_trec2021_008.json,case_trec2021_008,gpt-4o,V-final,1,False
outputs/phase4/zeroshot_baseline/gens/gpt-4o/case_trec2021_009.json,case_trec2021_009,gpt-4o,V-final,1,False
outputs/phase4/zeroshot_baseline/gens/gpt-4o/case_trec2021_012.json,case_trec2021_012,gpt-4o,V-final,1,False
outputs/phase4/zeroshot_baseline/gens/gpt-4o/case_trec2021_013.json,case_trec2021_013,gpt-4o,V-final,0,False
outputs/phase4/zeroshot_baseline/gens/gpt-4o/case_trec2021_015.json,case_trec2021_015,gpt-4o,V-final,3,False
outputs/phase4/zeroshot_baseline/gens/gpt-4o/case_trec2021_018.json,case_trec2021_018,gpt-4o,V-final,2,False
outputs/phase4/zeroshot_baseline/gens/gpt-4o/case_trec2021_019.json,case_trec2021_019,gpt-4o,V-final,0,False
outputs/phase4/zeroshot_baseline/gens/gpt-4o/case_trec2021_022.json,case_trec2021_022,gpt-4o,V-final,0,False
outputs/phase4/zeroshot_baseline/gens/gpt-4o/case_trec2021_025.json,case_trec2021_025,gpt-4o,V-final,0,False
outputs/phase4/zeroshot_baseline/gens/gpt-4o/case_trec2021_026.json,case_trec2021_026,gpt-4o,V-final,1,False
outputs/phase4/zeroshot_baseline/gens/gpt-4o/case_trec2021_028.json,case_trec2021_028,gpt-4o,V-final,2,False
outputs/phase4/zeroshot_baseline/gens/gpt-4o/case_trec2021_031.json,case_trec2021_031,gpt-4o,V-final,0,False
outputs/phase4/zeroshot_baseline/gens/gpt-4o/case_trec2021_033.json,case_trec2021_033,gpt-4o,V-final,1,False
outputs/phase4/zeroshot_baseline/gens/gpt-4o/case_trec2021_034.json,case_trec2021_034,gpt-4o,V-final,1,False
outputs/phase4/zeroshot_baseline/gens/gpt-4o/case_trec2021_035.json,case_trec2021_035,gpt-4o,V-final,0,False
outputs/phase4/zeroshot_baseline/gens/gpt-4o/case_trec2021_036.json,case_trec2021_036,gpt-4o,V-final,0,False
outputs/phase4/zeroshot_baseline/gens/gpt-4o/case_trec2021_042.json,case_trec2021_042,gpt-4o,V-final,1,False
outputs/phase4/zeroshot_baseline/gens/gpt-4o/case_trec2021_044.json,case_trec2021_044,gpt-4o,V-final,0,False
outputs/phase4/zeroshot_baseline/gens/gpt-4o/case_trec2021_047.json,case_trec2021_047,gpt-4o,V-final,1,False
outputs/phase4/zeroshot_baseline/gens/gpt-4o/case_trec2021_048.json,case_trec2021_048,gpt-4o,V-final,0,False
outputs/phase4/zeroshot_baseline/gens/gpt-4o/case_trec2021_049.json,case_trec2021_049,gpt-4o,V-final,2,False
outputs/phase4/zeroshot_baseline/gens/gpt-4o/case_trec2021_050.json,case_trec2021_050,gpt-4o,V-final,1,False
outputs/phase4/zeroshot_baseline/gens/gpt-4o/case_trec2021_053.json,case_trec2021_053,gpt-4o,V-final,1,False
outputs/phase4/zeroshot_baseline/gens/gpt-4o/case_trec2021_056.json,case_trec2021_056,gpt-4o,V-final,1,True
outputs/phase4/zeroshot_baseline/gens/gpt-4o/case_trec2021_057.json,case_trec2021_057,gpt-4o,V-final,0,False
outputs/phase4/zeroshot_baseline/gens/gpt-4o/case_trec2021_058.json,case_trec2021_058,gpt-4o,V-final,1,False
outputs/phase4/zeroshot_baseline/gens/gpt-4o/case_trec2021_059.json,case_trec2021_059,gpt-4o,V-final,3,False
outputs/phase4/zeroshot_baseline/gens/gpt-4o/case_trec2021_061.json,case_trec2021_061,gpt-4o,V-final,1,False
outputs/phase4/zeroshot_baseline/gens/gpt-4o/case_trec2021_065.json,case_trec2021_065,gpt-4o,V-final,0,False
outputs/phase4/zeroshot_baseline/gens/gpt-4o/case_trec2021_070.json,case_trec2021_070,gpt-4o,V-final,0,False
outputs/phase4/zeroshot_baseline/gens/gpt-4o/case_trec2021_073.json,case_trec2021_073,gpt-4o,V-final,1,False
outputs/phase4/zeroshot_baseline/gens/gpt-4o/case_trec2022_002.json,case_trec2022_002,gpt-4o,V-final,2,False
outputs/phase4/zeroshot_baseline/gens/gpt-4o/case_trec2022_003.json,case_trec2022_003,gpt-4o,V-final,0,False
outputs/phase4/zeroshot_baseline/gens/gpt-4o/case_trec2022_004.json,case_trec2022_004,gpt-4o,V-final,4,False
outputs/phase4/zeroshot_baseline/gens/gpt-4o/case_trec2022_005.json,case_trec2022_005,gpt-4o,V-final,0,False
outputs/phase4/zeroshot_baseline/gens/gpt-4o/case_trec2022_006.json,case_trec2022_006,gpt-4o,V-final,0,False
outputs/phase4/zeroshot_baseline/gens/gpt-4o/case_trec2022_007.json,case_trec2022_007,gpt-4o,V-final,1,False
outputs/phase4/zeroshot_baseline/gens/gpt-4o/case_trec2022_008.json,case_trec2022_008,gpt-4o,V-final,0,False
outputs/phase4/zeroshot_baseline/gens/gpt-4o/case_trec2022_009.json,case_trec2022_009,gpt-4o,V-final,1,False
outputs/phase4/zeroshot_baseline/gens/gpt-4o/case_trec2022_012.json,case_trec2022_012,gpt-4o,V-final,0,False
outputs/phase4/zeroshot_baseline/gens/gpt-4o/case_trec2022_013.json,case_trec2022_013,gpt-4o,V-final,3,False
outputs/phase4/zeroshot_baseline/gens/gpt-4o/case_trec2022_014.json,case_trec2022_014,gpt-4o,V-final,3,False
outputs/phase4/zeroshot_baseline/gens/gpt-4o/case_trec2022_016.json,case_trec2022_016,gpt-4o,V-final,2,False
outputs/phase4/zeroshot_baseline/gens/gpt-4o/case_trec2022_018.json,case_trec2022_018,gpt-4o,V-final,2,False
outputs/phase4/zeroshot_baseline/gens/gpt-4o/case_trec2022_020.json,case_trec2022_020,gpt-4o,V-final,5,False
outputs/phase4/zeroshot_baseline/gens/gpt-4o/case_trec2022_021.json,case_trec2022_021,gpt-4o,V-final,2,False
outputs/phase4/zeroshot_baseline/gens/gpt-4o/case_trec2022_023.json,case_trec2022_023,gpt-4o,V-final,1,False
outputs/phase4/zeroshot_baseline/gens/gpt-4o/case_trec2022_024.json,case_trec2022_024,gpt-4o,V-final,1,False
outputs/phase4/zeroshot_baseline/gens/gpt-4o/case_trec2022_026.json,case_trec2022_026,gpt-4o,V-final,2,False
outputs/phase4/zeroshot_baseline/gens/gpt-4o/case_trec2022_027.json,case_trec2022_027,gpt-4o,V-final,1,False
outputs/phase4/zeroshot_baseline/gens/gpt-4o/case_trec2022_030.json,case_trec2022_030,gpt-4o,V-final,2,False
outputs/phase4/zeroshot_baseline/gens/gpt-4o/case_trec2022_031.json,case_trec2022_031,gpt-4o,V-final,2,False
outputs/phase4/zeroshot_baseline/gens/gpt-4o/case_trec2022_032.json,case_trec2022_032,gpt-4o,V-final,2,False
outputs/phase4/zeroshot_baseline/gens/gpt-4o/case_trec2022_033.json,case_trec2022_033,gpt-4o,V-final,1,False
outputs/phase4/zeroshot_baseline/gens/gpt-4o/case_trec2022_034.json,case_trec2022_034,gpt-4o,V-final,2,False
outputs/phase4/zeroshot_baseline/gens/gpt-4o/case_trec2022_037.json,case_trec2022_037,gpt-4o,V-final,1,False
outputs/phase4/zeroshot_baseline/gens/gpt-4o/case_trec2022_041.json,case_trec2022_041,gpt-4o,V-final,1,False
outputs/phase4/zeroshot_baseline/gens/gpt-4o/case_trec2022_042.json,case_trec2022_042,gpt-4o,V-final,1,False
outputs/phase4/zeroshot_baseline/gens/gpt-4o/case_trec2022_045.json,case_trec2022_045,gpt-4o,V-final,1,False
outputs/phase4/zeroshot_baseline/gens/gpt-4o/case_trec2022_046.json,case_trec2022_046,gpt-4o,V-final,0,False
outputs/phase4/zeroshot_baseline/gens/gpt-4o/case_trec2022_047.json,case_trec2022_047,gpt-4o,V-final,0,False
outputs/phase4/zeroshot_baseline/gens/gpt-4o/case_trec2022_048.json,case_trec2022_048,gpt-4o,V-final,2,False
outputs/phase4/zeroshot_baseline/gens/gpt-4o/case_trec2022_050.json,case_trec2022_050,gpt-4o,V-final,0,False
